name,test_loss (~),test_loss,test_perplexity,lm-eval-avg-acc,lm-eval-avg-acc-std,-,-,-,-,-,I.isotropy,I.max norm,I.avg norm,I.min norm,I.mu norm,I.ratio norm,I.fhs_cos_sim,I.fhs_dot_prod,I.eb_cos_sim,-,O.isotropy,O.max norm,O.avg norm,O.min norm,O.mu norm,O.ratio norm,O.max aligndot,O.avg aligndot,O.min aligndot,O.max aligncos,O.avg aligncos,O.min aligncos,O.centering_ratio,OC.max norm,OC.avg norm,OC.min norm,OC.mu norm,OC.ratio norm,OC.max aligndot,OC.avg aligndot,OC.min aligndot,OC.max aligncos,OC.avg aligncos,OC.min aligncos,OC.centering_ratio,O.fhs_cos_sim,O.fhs_dot_prod,O.eb_cos_sim,O.eb_dot_sim,"O.corr_p(norm, lbp)","O.corr_s(norm, lbp)","O.corr_p(Emu, lbp)","O.corr_s(Emu, lbp)",O.Smin,O.Smax,O.Smin/Smax,O.logits_mean_mean,O.logits_mean_std,O.logits_std_mean,O.logits_std_std,O.logits_mean_absmean,O.logits_mean_absmax,H.mean_logsqZ,time
wor40a-16M-13p1B-100k-bs64-lr10-baselinewt-g0e+00-s1,3.850,3.850,46.981,,,-,-,-,-,-,0.130,4.239,2.184,0.938,1.838,0.841,-0.0808,-3.0240,,-,0.130,4.239,2.184,0.938,1.838,0.841,6.952,3.376,-1.942,0.974,0.828,-0.500,0.765,3.623,1.251,0.519,0.000,0.000,3.576,0.000,-5.319,0.858,-0.015,-0.885,1.000,-0.0808,-3.0240,,,,,,,2.16,432.00,0.50%,-3.0312,2.8281,7.9062,0.2852,7.2500,20.7500,278.0,4763.2
wor40a-16M-13p1B-100k-bs64-lr100-baselinewt-g0e+00-s1,3.840,3.840,46.522,,,-,-,-,-,-,0.000,40.286,20.295,7.913,17.817,0.878,0.0507,15.5190,,-,0.000,40.286,20.295,7.913,17.817,0.878,638.729,317.440,-177.285,0.976,0.866,-0.612,0.775,32.596,10.713,5.141,0.000,0.000,321.290,0.001,-494.724,0.867,-0.039,-0.924,1.000,0.0507,15.5190,,,,,,,5.46,4181.38,0.13%,15.5000,3.5781,12.6250,0.5508,17.3750,34.7500,1328.0,4754.7
wor40a-16M-13p1B-100k-bs64-lr1000-baselinewt-g0e+00-s1,3.935,3.935,51.139,,,-,-,-,-,-,0.000,353.846,198.634,115.100,175.235,0.882,0.1183,224.5721,,-,0.000,353.846,198.634,115.100,175.235,0.882,53579.031,30707.250,1968.804,0.970,0.873,0.074,0.536,223.629,99.368,43.036,0.001,0.000,22871.732,-0.050,-28738.498,0.633,-0.012,-0.774,1.000,0.1183,224.5721,,,,,,,56.02,40679.18,0.14%,225.0000,5.1875,115.0000,2.5781,225.0000,244.0000,73728.0,4749.2
wor40a-16M-13p1B-100k-bs64-lr3-baselinewt-g0e+00-s1,3.919,3.919,50.332,,,-,-,-,-,-,0.335,2.222,1.252,0.447,1.123,0.897,-0.2115,-5.3848,,-,0.335,2.222,1.252,0.447,1.123,0.897,2.229,1.261,-1.235,0.984,0.881,-0.712,1.120,2.596,0.613,0.236,0.000,0.000,0.968,-0.000,-2.496,0.909,-0.013,-0.938,1.000,-0.2115,-5.3848,,,,,,,1.82,264.04,0.69%,-5.3750,2.5000,4.5625,0.2012,6.5000,17.5000,158.0,4749.2
wor40a-16M-13p1B-100k-bs64-lr30-baselinewt-g0e+00-s1,3.832,3.832,46.147,,,-,-,-,-,-,0.013,12.596,6.313,2.261,5.472,0.867,-0.0509,-3.4655,,-,0.013,12.596,6.313,2.261,5.472,0.867,61.241,29.945,-22.407,0.976,0.850,-0.617,0.855,11.073,3.499,1.498,0.000,0.000,31.296,0.000,-52.352,0.886,-0.033,-0.918,1.000,-0.0509,-3.4655,,,,,,,3.81,1303.05,0.29%,-3.4688,3.0625,10.8750,0.3516,9.5625,24.0000,336.0,4753.7
wor40a-16M-13p1B-100k-bs64-lr300-baselinewt-g0e+00-s1,3.840,3.840,46.506,,,-,-,-,-,-,0.000,110.330,57.158,26.562,51.202,0.896,0.1613,49.5862,,-,0.000,110.330,57.158,26.562,51.202,0.896,4933.826,2621.648,-890.622,0.965,0.885,-0.378,0.712,86.009,28.167,14.939,0.000,0.000,2312.169,-0.008,-3512.278,0.777,-0.032,-0.877,1.000,0.1613,49.5862,,,,,,,25.20,11957.88,0.21%,49.5000,3.6562,27.6250,0.5781,50.5000,68.0000,5504.0,4755.2
wor40a-16M-13p1B-100k-bs64-lr3000-baselinewt-g0e+00-s1,3.906,3.906,49.701,,,-,-,-,-,-,0.000,826.189,425.104,249.676,353.045,0.830,0.2101,91.3558,,-,0.000,826.189,425.104,249.676,353.045,0.830,247950.312,124640.609,-19828.734,0.957,0.817,-0.130,0.583,591.599,249.573,111.543,0.002,0.000,123309.852,0.158,-144469.188,0.660,-0.015,-0.751,1.000,0.2101,91.3558,,,,,,,188.51,82951.41,0.23%,91.5000,3.5625,45.5000,0.9023,91.5000,109.0000,14336.0,4760.2
wor40e-16M-13p1B-100k-bs64-lr10-mulosswt-g1e-04-s1,3.848,3.848,46.887,,,-,-,-,-,-,0.136,4.183,2.155,0.926,1.828,0.848,-0.1678,-5.3360,,-,0.136,4.183,2.155,0.926,1.828,0.848,6.471,3.340,-2.007,0.980,0.837,-0.520,0.826,3.577,1.206,0.488,0.000,0.000,3.131,0.000,-5.347,0.834,-0.010,-0.883,1.000,-0.1678,-5.3360,,,,,,,2.38,426.76,0.56%,-5.3438,2.7344,7.4375,0.2617,7.9375,20.5000,206.0,4787.4
wor40e-16M-13p1B-100k-bs64-lr100-mulosswt-g1e-04-s1,3.845,3.845,46.776,,,-,-,-,-,-,0.000,83.750,16.904,7.927,11.324,0.670,0.1394,15.4866,,-,0.000,83.750,16.904,7.927,11.324,0.670,262.406,128.222,-184.916,0.930,0.743,-0.412,1.193,86.589,11.635,5.252,0.000,0.000,134.184,-0.000,-313.139,0.580,0.038,-0.797,1.000,0.1394,15.4866,,,,,,,9.14,3160.45,0.29%,15.5000,3.3906,19.0000,0.6016,21.0000,37.2500,1528.0,4787.7
wor40e-16M-13p1B-100k-bs64-lr1000-mulosswt-g1e-04-s1,3.833,3.833,46.217,,,-,-,-,-,-,0.000,145.238,69.730,36.460,19.704,0.283,-0.6941,-26.6981,,-,0.000,145.238,69.730,36.460,19.704,0.283,566.651,388.248,110.149,0.525,0.293,0.052,0.491,142.949,66.785,31.035,0.000,0.000,178.401,-0.002,-278.101,0.082,-0.002,-0.158,1.000,-0.6941,-26.6981,,,,,,,42.86,7006.32,0.61%,-26.7500,3.1875,18.0000,0.7227,29.5000,45.2500,432.0,4773.2
wor40e-16M-13p1B-100k-bs64-lr3-mulosswt-g1e-04-s1,3.918,3.918,50.304,,,-,-,-,-,-,0.297,2.171,1.268,0.463,1.138,0.898,-0.1993,-5.2583,,-,0.297,2.171,1.268,0.463,1.138,0.898,2.304,1.295,-1.259,0.985,0.881,-0.706,1.109,2.610,0.618,0.218,0.000,0.000,1.008,0.000,-2.554,0.903,-0.009,-0.937,1.000,-0.1993,-5.2583,,,,,,,1.80,267.49,0.67%,-5.2500,2.5000,4.8438,0.2031,6.5312,17.5000,163.0,4777.8
wor40e-16M-13p1B-100k-bs64-lr30-mulosswt-g1e-04-s1,3.832,3.832,46.161,,,-,-,-,-,-,0.004,10.484,5.624,2.850,4.583,0.815,0.0211,1.2133,,-,0.004,10.484,5.624,2.850,4.583,0.815,39.940,21.006,-8.985,0.961,0.808,-0.300,0.751,9.397,3.384,1.659,0.000,0.000,18.934,0.000,-29.991,0.688,-0.023,-0.826,1.000,0.0211,1.2133,,,,,,,4.38,1062.75,0.41%,1.2109,3.0625,12.8125,0.3750,9.9375,25.1250,544.0,4775.2
wor40e-16M-13p1B-100k-bs64-lr300-mulosswt-g1e-04-s1,3.833,3.833,46.216,,,-,-,-,-,-,0.000,345.463,44.967,19.650,16.854,0.375,-0.0324,-2.7563,,-,0.000,345.463,44.967,19.650,16.854,0.375,494.432,284.056,-801.840,0.791,0.490,-0.138,1.354,348.184,40.210,13.119,0.000,0.000,210.376,0.000,-1085.897,0.283,0.038,-0.538,1.000,-0.0324,-2.7563,,,,,,,17.13,12106.48,0.14%,-2.7656,3.2500,15.8750,0.5547,13.5625,29.1250,532.0,4776.3
wor40e-16M-13p1B-100k-bs64-lr3000-mulosswt-g1e-04-s1,3.849,3.849,46.943,,,-,-,-,-,-,0.000,359.057,148.182,88.286,7.120,0.048,0.3621,4.2355,,-,0.000,359.057,148.182,88.286,7.120,0.048,355.095,50.701,-402.174,0.182,0.044,-0.308,1.126,358.279,148.049,88.645,0.000,0.000,304.393,-0.000,-452.875,0.155,-0.006,-0.342,1.000,0.3621,4.2355,,,,,,,104.26,13595.99,0.77%,4.2188,3.1094,8.5625,0.7031,7.9062,25.1250,596.0,4785.8
wor40r-16M-13p1B-100k-bs64-lr10-mucenteringwt-g0e+00-s1,3.850,3.850,47.011,,,-,-,-,-,-,0.777,3.957,1.188,0.552,0.000,0.000,-0.0019,-0.0000,,-,0.777,3.957,1.188,0.552,0.000,0.000,0.000,0.000,-0.000,0.365,0.009,-0.326,1.000,3.957,1.188,0.552,0.000,0.000,0.000,-0.000,-0.000,0.365,0.009,-0.326,1.000,-0.0019,-0.0000,,,,,,,2.11,155.86,1.36%,0.0000,2.7812,0.0001,0.2617,2.1719,15.9375,302.0,4781.2
wor40r-16M-13p1B-100k-bs64-lr100-mucenteringwt-g0e+00-s1,3.827,3.827,45.919,,,-,-,-,-,-,0.000,33.049,10.879,5.462,0.000,0.000,-0.0443,-0.0000,,-,0.000,33.049,10.879,5.462,0.000,0.000,0.000,-0.000,-0.000,0.321,-0.001,-0.280,1.000,33.049,10.879,5.462,0.000,0.000,0.000,-0.000,-0.000,0.321,-0.001,-0.280,1.000,-0.0443,-0.0000,,,,,,,8.36,1428.24,0.59%,0.0003,3.3438,0.0003,0.4883,2.6250,18.1250,342.0,4791.2
wor40r-16M-13p1B-100k-bs64-lr1000-mucenteringwt-g0e+00-s1,3.836,3.836,46.326,,,-,-,-,-,-,0.000,229.344,85.721,39.856,0.000,0.000,-0.1945,-0.0000,,-,0.000,229.344,85.721,39.856,0.000,0.000,0.003,0.000,-0.003,0.362,0.010,-0.371,1.000,229.344,85.721,39.856,0.000,0.000,0.003,-0.000,-0.003,0.362,0.010,-0.371,1.000,-0.1945,-0.0000,,,,,,,43.72,12250.21,0.36%,-0.0002,3.2188,0.0011,0.8047,2.5156,17.5000,346.0,4786.2
wor40r-16M-13p1B-100k-bs64-lr3-mucenteringwt-g0e+00-s1,3.921,3.921,50.466,,,-,-,-,-,-,0.937,2.248,0.607,0.283,0.000,0.000,-0.0150,-0.0000,,-,0.937,2.248,0.607,0.283,0.000,0.000,0.000,0.000,-0.000,0.330,-0.005,-0.307,1.000,2.248,0.607,0.283,0.000,0.000,0.000,-0.000,-0.000,0.330,-0.005,-0.307,1.000,-0.0150,-0.0000,,,,,,,1.91,79.68,2.40%,0.0000,2.5781,0.0000,0.2119,2.0156,15.3125,286.0,4792.7
wor40r-16M-13p1B-100k-bs64-lr30-mucenteringwt-g0e+00-s1,3.829,3.829,46.024,,,-,-,-,-,-,0.129,10.308,3.187,1.379,0.000,0.000,-0.0582,-0.0000,,-,0.129,10.308,3.187,1.379,0.000,0.000,0.000,-0.000,-0.000,0.252,-0.005,-0.229,1.000,10.308,3.187,1.379,0.000,0.000,0.000,-0.000,-0.000,0.252,-0.005,-0.229,1.000,-0.0582,-0.0000,,,,,,,3.20,425.67,0.75%,-0.0000,3.1094,0.0003,0.4238,2.4219,16.7500,324.0,4784.7
wor40r-16M-13p1B-100k-bs64-lr300-mucenteringwt-g0e+00-s1,3.836,3.836,46.323,,,-,-,-,-,-,0.000,79.487,29.414,11.976,0.000,0.000,-0.1547,-0.0000,,-,0.000,79.487,29.414,11.976,0.000,0.000,0.000,0.000,-0.000,0.368,0.009,-0.372,1.000,79.487,29.414,11.976,0.000,0.000,0.000,-0.000,-0.000,0.368,0.009,-0.372,1.000,-0.1547,-0.0000,,,,,,,17.63,4058.37,0.43%,0.0000,3.3906,0.0006,0.5352,2.6562,17.8750,346.0,4786.2
wor40r-16M-13p1B-100k-bs64-lr3000-mucenteringwt-g0e+00-s1,3.892,3.892,49.023,,,-,-,-,-,-,0.000,513.339,206.634,107.619,0.000,0.000,-0.2903,-0.0000,,-,0.000,513.339,206.634,107.619,0.000,0.000,0.017,0.000,-0.017,0.440,0.018,-0.437,1.000,513.339,206.634,107.619,0.000,0.000,0.017,-0.000,-0.017,0.440,0.018,-0.437,1.000,-0.2903,-0.0000,,,,,,,159.91,26116.70,0.61%,-0.0002,3.2500,0.0005,0.7500,2.5469,17.6250,346.0,4786.7
wor40s-16M-13p1B-100k-bs64-lr10-softcappingwt-g3e+01-s1,3.847,3.847,46.865,,,-,-,-,-,-,0.138,5.205,2.319,0.878,2.034,0.877,-0.1478,-6.5922,,-,0.138,5.205,2.319,0.878,2.034,0.877,9.146,4.137,-2.546,0.984,0.861,-0.574,0.731,3.843,1.260,0.526,0.000,0.000,5.009,0.000,-6.683,0.934,-0.049,-0.917,1.000,-0.1478,-6.5922,,,,,,,1.78,484.75,0.37%,-6.5938,3.0781,3.0625,0.3574,6.8438,20.8750,145.0,5292.7
wor40s-16M-13p1B-100k-bs64-lr100-softcappingwt-g3e+01-s1,3.828,3.828,45.953,,,-,-,-,-,-,0.001,45.195,21.082,7.484,18.683,0.886,-0.0827,-10.4518,,-,0.001,45.195,21.082,7.484,18.683,0.886,782.484,349.055,-218.978,0.976,0.870,-0.624,0.726,35.794,11.279,4.699,0.000,0.000,433.429,0.001,-568.032,0.887,-0.062,-0.922,1.000,-0.0827,-10.4518,,,,,,,8.56,4471.02,0.19%,-10.4375,3.6562,5.0312,0.5234,10.6875,29.5000,112.5,5285.7
wor40s-16M-13p1B-100k-bs64-lr1000-softcappingwt-g3e+01-s1,3.840,3.840,46.540,,,-,-,-,-,-,0.000,348.946,175.112,62.700,155.177,0.886,-0.0067,-5.6439,,-,0.000,348.946,175.112,62.700,155.177,0.886,48078.535,24079.984,-5518.558,0.970,0.868,-0.297,0.616,222.904,93.793,43.688,0.000,0.000,23998.566,0.011,-29598.531,0.812,-0.037,-0.924,1.000,-0.0067,-5.6439,,,,,,,21.83,36974.39,0.06%,-5.6562,3.9688,5.3125,1.0000,6.7500,25.3750,272.0,5287.7
wor40s-16M-13p1B-100k-bs64-lr3-softcappingwt-g3e+01-s1,3.917,3.917,50.226,,,-,-,-,-,-,0.320,2.474,1.293,0.418,1.170,0.905,-0.2360,-6.4232,,-,0.320,2.474,1.293,0.418,1.170,0.905,2.814,1.369,-1.025,0.988,0.891,-0.654,0.851,2.385,0.628,0.235,0.000,0.000,1.445,0.000,-2.393,0.939,-0.044,-0.941,1.000,-0.2360,-6.4232,,,,,,,1.61,276.28,0.58%,-6.4375,2.7969,2.6719,0.2676,6.6562,18.6250,132.0,5286.7
wor40s-16M-13p1B-100k-bs64-lr30-softcappingwt-g3e+01-s1,3.828,3.828,45.982,,,-,-,-,-,-,0.000,14.343,6.664,2.159,6.054,0.908,-0.0758,-6.2358,,-,0.000,14.343,6.664,2.159,6.054,0.908,81.852,36.649,-26.078,0.983,0.893,-0.625,0.766,12.051,3.331,1.556,0.000,0.000,45.204,-0.000,-62.727,0.902,-0.058,-0.940,1.000,-0.0758,-6.2358,,,,,,,4.31,1445.07,0.30%,-6.2500,3.2969,3.8594,0.4160,6.8438,22.1250,178.0,5283.7
wor40s-16M-13p1B-100k-bs64-lr300-softcappingwt-g3e+01-s1,3.840,3.840,46.516,,,-,-,-,-,-,0.000,101.857,49.884,17.385,42.896,0.860,-0.0329,-5.5248,,-,0.000,101.857,49.884,17.385,42.896,0.860,4078.012,1840.080,-1027.867,0.964,0.845,-0.625,0.703,73.239,27.708,13.488,0.000,0.000,2237.933,0.001,-2867.947,0.876,-0.029,-0.932,1.000,-0.0329,-5.5248,,,,,,,18.66,10105.27,0.18%,-5.5312,3.6562,4.0312,0.6641,6.1562,24.3750,230.0,5291.7
wor40s-16M-13p1B-100k-bs64-lr3000-softcappingwt-g3e+01-s1,3.943,3.943,51.572,,,-,-,-,-,-,0.000,727.380,306.058,132.285,236.486,0.773,-0.0087,-3.0800,,-,0.000,727.380,306.058,132.285,236.486,0.773,143809.672,55925.730,-49020.406,0.947,0.733,-0.623,0.730,545.333,210.863,99.999,0.001,0.000,87883.906,-0.036,-104946.180,0.765,-0.037,-0.914,1.000,-0.0087,-3.0800,,,,,,,69.22,59221.77,0.12%,-3.0938,3.5469,4.3750,0.6992,4.8125,21.7500,330.0,5286.2
wor40z-16M-13p1B-100k-bs64-lr10-zlosswt-g1e-04-s1,3.845,3.845,46.776,,,-,-,-,-,-,0.056,5.958,2.840,1.000,2.604,0.917,-0.2183,-13.8843,,-,0.056,5.958,2.840,1.000,2.604,0.917,14.531,6.783,-0.835,0.989,0.912,-0.253,0.533,3.716,1.288,0.474,0.000,0.000,7.749,-0.000,-7.617,0.921,-0.061,-0.924,1.000,-0.2183,-13.8843,,,,,,,2.66,605.74,0.44%,-13.8750,3.2812,3.8438,0.3691,13.8750,30.1250,23.0,5067.5
wor40z-16M-13p1B-100k-bs64-lr100-zlosswt-g1e-04-s1,3.831,3.831,46.111,,,-,-,-,-,-,0.000,44.223,23.964,8.972,20.873,0.871,-0.0670,-15.6763,,-,0.000,44.223,23.964,8.972,20.873,0.871,826.551,435.702,-23.105,0.974,0.869,-0.094,0.555,28.729,12.530,6.184,0.000,0.000,390.849,0.000,-458.807,0.826,-0.048,-0.917,1.000,-0.0670,-15.6763,,,,,,,8.52,4806.83,0.18%,-15.6875,4.2812,4.4688,0.7656,15.6875,42.5000,19.6,5071.1
wor40z-16M-13p1B-100k-bs64-lr1000-zlosswt-g1e-04-s1,3.866,3.866,47.756,,,-,-,-,-,-,0.000,402.387,245.391,130.559,229.811,0.937,-0.0065,-18.8094,,-,0.000,402.387,245.391,130.559,229.811,0.937,85627.203,52813.324,21117.945,0.987,0.934,0.624,0.383,214.402,97.043,40.162,0.002,0.000,32814.168,0.284,-31695.090,0.774,-0.038,-0.857,1.000,-0.0065,-18.8094,,,,,,,22.59,52755.08,0.04%,-18.8750,5.2500,5.3438,1.9375,18.8750,52.7500,10.3,5075.5
wor40z-16M-13p1B-100k-bs64-lr3-zlosswt-g1e-04-s1,3.916,3.916,50.220,,,-,-,-,-,-,0.274,2.425,1.434,0.608,1.309,0.913,-0.3358,-12.7175,,-,0.274,2.425,1.434,0.608,1.309,0.913,2.935,1.714,-0.462,0.989,0.908,-0.335,0.742,1.992,0.637,0.260,0.000,0.000,1.221,0.000,-2.177,0.899,-0.038,-0.887,1.000,-0.3358,-12.7175,,,,,,,2.05,301.30,0.68%,-12.7500,2.8594,4.0312,0.2949,12.7500,25.3750,30.2,5070.5
wor40z-16M-13p1B-100k-bs64-lr30-zlosswt-g1e-04-s1,3.830,3.830,46.084,,,-,-,-,-,-,0.001,14.020,7.600,2.962,6.798,0.895,-0.1311,-15.5562,,-,0.001,14.020,7.600,2.962,6.798,0.895,86.952,46.218,-1.854,0.977,0.894,-0.070,0.553,11.537,3.564,1.605,0.000,0.000,40.734,0.000,-48.071,0.884,-0.036,-0.905,1.000,-0.1311,-15.5562,,,,,,,4.09,1560.60,0.26%,-15.5625,3.5156,4.3750,0.5391,15.6250,33.2500,17.8,5062.0
wor40z-16M-13p1B-100k-bs64-lr300-zlosswt-g1e-04-s1,3.831,3.831,46.088,,,-,-,-,-,-,0.000,115.435,63.505,27.487,57.602,0.907,-0.0694,-15.6052,,-,0.000,115.435,63.505,27.487,57.602,0.907,5768.823,3317.972,360.677,0.969,0.906,0.189,0.513,72.356,28.963,14.382,0.000,0.000,2450.845,-0.006,-2957.301,0.778,-0.057,-0.879,1.000,-0.0694,-15.6052,,,,,,,38.27,13228.16,0.29%,-15.6250,4.3750,6.2188,1.1719,15.6250,42.7500,23.9,5064.5
wor40z-16M-13p1B-100k-bs64-lr3000-zlosswt-g1e-04-s1,4.026,4.026,56.063,,,-,-,-,-,-,0.000,1213.873,816.549,464.424,784.519,0.961,-0.0023,-18.7235,,-,0.000,1213.873,816.549,464.424,784.519,0.961,915154.938,615471.938,341886.000,0.990,0.960,0.837,0.327,566.839,250.989,137.336,0.007,0.000,299685.094,2.003,-273583.938,0.765,-0.027,-0.913,1.000,-0.0023,-18.7235,,,,,,,55.80,178013.56,0.03%,-18.8750,7.1250,4.7188,4.1562,18.8750,101.5000,12.9,5063.5
wor60a-29M-13p1B-100k-bs64-lr10-baselinewt-g0e+00-s1,3.580,3.580,35.867,,,-,-,-,-,-,0.089,4.998,2.614,1.090,2.195,0.840,-0.0088,-0.3696,,-,0.089,4.998,2.614,1.090,2.195,0.840,9.533,4.818,-4.194,0.973,0.826,-0.636,0.945,5.095,1.505,0.771,0.000,0.000,4.715,-0.000,-9.013,0.858,-0.017,-0.909,1.000,-0.0088,-0.3696,,,,,,,1.79,515.47,0.35%,-0.3711,2.7031,6.0625,0.2578,4.8750,18.2500,332.0,7569.1
wor60a-29M-13p1B-100k-bs64-lr100-baselinewt-g0e+00-s1,3.566,3.566,35.364,,,-,-,-,-,-,0.000,45.624,25.050,9.426,21.653,0.864,-0.0126,-2.4180,,-,0.000,45.624,25.050,9.426,21.653,0.864,929.553,468.870,-315.729,0.974,0.849,-0.661,0.844,41.141,13.799,6.115,0.000,0.000,460.684,-0.000,-784.599,0.841,-0.023,-0.934,1.000,-0.0126,-2.4180,,,,,,,6.47,5093.05,0.13%,-2.4219,3.1250,8.4375,0.4766,7.5625,22.3750,338.0,7562.5
wor60a-29M-13p1B-100k-bs64-lr1000-baselinewt-g0e+00-s1,3.643,3.643,38.224,,,-,-,-,-,-,0.000,354.055,187.379,108.922,143.697,0.767,0.1920,184.7515,,-,0.000,354.055,187.379,108.922,143.697,0.767,41047.586,20648.730,-3961.189,0.909,0.754,-0.168,0.600,252.801,124.707,63.200,0.001,0.000,20398.807,-0.047,-24609.965,0.611,-0.020,-0.740,1.000,0.1920,184.7515,,,,,,,74.21,33830.93,0.22%,185.0000,5.0938,102.0000,2.3906,185.0000,204.0000,52736.0,7547.5
wor60a-29M-13p1B-100k-bs64-lr3-baselinewt-g0e+00-s1,3.638,3.638,38.022,,,-,-,-,-,-,0.345,2.165,1.262,0.503,1.092,0.866,-0.1365,-3.5159,,-,0.345,2.165,1.262,0.503,1.092,0.866,2.138,1.193,-1.180,0.985,0.847,-0.726,1.110,2.485,0.682,0.301,0.000,0.000,0.945,-0.000,-2.373,0.916,-0.005,-0.925,1.000,-0.1365,-3.5159,,,,,,,1.53,257.52,0.59%,-3.5156,2.4062,5.0625,0.1943,5.4062,16.7500,211.0,7553.5
wor60a-29M-13p1B-100k-bs64-lr30-baselinewt-g0e+00-s1,3.564,3.564,35.320,,,-,-,-,-,-,0.000,18.944,7.152,2.716,5.755,0.805,0.0009,0.0567,,-,0.000,18.944,7.152,2.716,5.755,0.805,93.182,33.123,-23.801,0.968,0.789,-0.593,0.645,14.340,4.585,2.172,0.000,0.000,60.060,-0.000,-56.923,0.841,-0.054,-0.901,1.000,0.0009,0.0567,,,,,,,4.32,1378.14,0.31%,0.0547,3.2812,6.0312,0.4043,5.5000,21.7500,382.0,7548.5
wor60a-29M-13p1B-100k-bs64-lr300-baselinewt-g0e+00-s1,3.573,3.573,35.633,,,-,-,-,-,-,0.000,135.169,79.043,29.660,70.794,0.896,0.0078,3.2184,,-,0.000,135.169,79.043,29.660,70.794,0.896,8994.733,5011.835,-326.622,0.981,0.886,-0.127,0.594,84.327,39.004,22.647,0.000,0.000,3982.905,0.007,-5338.451,0.853,-0.025,-0.908,1.000,0.0078,3.2184,,,,,,,20.30,16480.78,0.12%,3.2031,3.3438,13.1875,0.7344,11.1875,27.8750,680.0,7552.0
wor60a-29M-13p1B-100k-bs64-lr3000-baselinewt-g0e+00-s1,3.749,3.749,42.491,,,-,-,-,-,-,0.000,817.502,477.384,283.541,386.017,0.809,0.3477,256.4322,,-,0.000,817.502,477.384,283.541,386.017,0.809,265770.688,149009.938,-9514.408,0.950,0.797,-0.053,0.596,643.397,291.691,127.250,0.003,0.000,116761.461,0.706,-158523.641,0.589,-0.012,-0.734,1.000,0.3477,256.4322,,,,,,,157.63,89872.35,0.18%,256.0000,3.5938,64.5000,1.2266,256.0000,274.0000,80384.0,7569.5
wor60e-29M-13p1B-100k-bs64-lr10-mulosswt-g1e-04-s1,3.580,3.580,35.872,,,-,-,-,-,-,0.122,5.197,2.379,1.116,1.890,0.794,-0.0352,-1.4039,,-,0.122,5.197,2.379,1.116,1.890,0.794,8.620,3.571,-3.067,0.959,0.781,-0.539,0.770,4.636,1.518,0.697,0.000,0.000,5.049,-0.000,-6.638,0.773,-0.031,-0.854,1.000,-0.0352,-1.4039,,,,,,,2.23,447.52,0.50%,-1.4062,2.7031,7.9375,0.2617,6.4688,20.0000,330.0,7583.0
wor60e-29M-13p1B-100k-bs64-lr100-mulosswt-g1e-04-s1,3.572,3.572,35.572,,,-,-,-,-,-,0.000,120.416,20.600,8.719,12.553,0.609,-0.0013,-0.1009,,-,0.000,120.416,20.600,8.719,12.553,0.609,309.642,157.586,-518.327,0.894,0.698,-0.507,1.304,125.271,15.153,6.565,0.000,0.000,152.056,0.000,-675.913,0.564,0.058,-0.827,1.000,-0.0013,-0.1009,,,,,,,9.03,4142.53,0.22%,-0.1025,3.2969,12.2500,1.3594,9.3750,24.1250,502.0,7605.0
wor60e-29M-13p1B-100k-bs64-lr1000-mulosswt-g1e-04-s1,3.574,3.574,35.647,,,-,-,-,-,-,0.000,682.492,124.939,52.482,13.643,0.109,-0.6592,-8.4635,,-,0.000,682.492,124.939,52.482,13.643,0.109,467.100,186.129,-27.262,0.243,0.122,-0.015,0.602,681.980,124.155,51.019,0.000,0.000,280.970,-0.001,-213.392,0.075,-0.007,-0.132,1.000,-0.6592,-8.4635,,,,,,,34.73,27251.98,0.13%,-8.4375,2.9219,10.1875,1.1641,11.0000,25.1250,210.0,7567.0
wor60e-29M-13p1B-100k-bs64-lr3-mulosswt-g1e-04-s1,3.639,3.639,38.062,,,-,-,-,-,-,0.308,2.222,1.267,0.512,1.099,0.867,-0.1376,-3.8053,,-,0.308,2.222,1.267,0.512,1.099,0.867,2.202,1.207,-1.193,0.985,0.849,-0.714,1.090,2.514,0.678,0.283,0.000,0.000,0.994,-0.000,-2.401,0.904,0.001,-0.922,1.000,-0.1376,-3.8053,,,,,,,1.56,258.53,0.60%,-3.8125,2.4219,5.1562,0.1943,5.6562,16.8750,204.0,7586.6
wor60e-29M-13p1B-100k-bs64-lr30-mulosswt-g1e-04-s1,3.564,3.564,35.302,,,-,-,-,-,-,0.001,13.944,6.598,2.903,5.142,0.779,-0.0263,-1.8986,,-,0.001,13.944,6.598,2.903,5.142,0.779,58.557,26.442,-19.894,0.952,0.765,-0.606,0.791,10.729,4.327,2.017,0.000,0.000,32.115,0.000,-46.336,0.706,-0.027,-0.900,1.000,-0.0263,-1.8986,,,,,,,3.96,1219.35,0.32%,-1.8984,3.0625,6.0312,0.4023,5.5312,20.6250,308.0,7601.5
wor60e-29M-13p1B-100k-bs64-lr300-mulosswt-g1e-04-s1,3.570,3.570,35.517,,,-,-,-,-,-,0.000,462.884,48.428,18.576,13.573,0.280,0.2080,28.4170,,-,0.000,462.884,48.428,18.576,13.573,0.280,353.028,184.221,-96.101,0.635,0.359,-0.221,0.794,463.055,45.913,15.373,0.000,0.000,168.807,-0.000,-280.321,0.281,-0.002,-0.552,1.000,0.2080,28.4170,,,,,,,20.49,15150.78,0.14%,28.3750,3.2031,23.2500,0.6836,31.3750,48.0000,2768.0,7574.5
wor60e-29M-13p1B-100k-bs64-lr3000-mulosswt-g1e-04-s1,3.604,3.604,36.754,,,-,-,-,-,-,0.000,415.404,203.528,109.353,6.724,0.033,0.2061,0.5428,,-,0.000,415.404,203.528,109.353,6.724,0.033,243.102,45.217,-242.887,0.113,0.032,-0.135,1.185,415.104,203.428,109.458,0.000,0.000,197.885,0.000,-288.104,0.084,-0.002,-0.160,1.000,0.2061,0.5428,,,,,,,109.69,14659.46,0.75%,0.5430,2.8438,4.3438,0.7461,4.1875,19.6250,376.0,7574.0
wor60r-29M-13p1B-100k-bs64-lr10-mucenteringwt-g0e+00-s1,3.580,3.580,35.870,,,-,-,-,-,-,0.728,4.385,1.475,0.770,0.000,0.000,-0.0293,-0.0000,,-,0.728,4.385,1.475,0.770,0.000,0.000,0.000,0.000,-0.000,0.287,0.006,-0.300,1.000,4.385,1.475,0.770,0.000,0.000,0.000,-0.000,-0.000,0.287,0.006,-0.300,1.000,-0.0293,-0.0000,,,,,,,1.79,180.95,0.99%,0.0000,2.8594,0.0001,0.3145,2.2188,16.2500,312.0,7629.6
wor60r-29M-13p1B-100k-bs64-lr100-mucenteringwt-g0e+00-s1,3.560,3.560,35.169,,,-,-,-,-,-,0.000,45.129,14.840,8.046,0.000,0.000,-0.0271,-0.0000,,-,0.000,45.129,14.840,8.046,0.000,0.000,0.000,-0.000,-0.000,0.241,0.002,-0.265,1.000,45.129,14.840,8.046,0.000,0.000,0.000,-0.000,-0.000,0.241,0.002,-0.265,1.000,-0.0271,-0.0000,,,,,,,9.98,1762.57,0.57%,0.0003,3.4219,0.0005,0.5469,2.6875,18.3750,352.0,7584.0
wor60r-29M-13p1B-100k-bs64-lr1000-mucenteringwt-g0e+00-s1,3.618,3.618,37.265,,,-,-,-,-,-,0.000,251.703,111.595,59.508,0.000,0.000,-0.1549,-0.0000,,-,0.000,251.703,111.595,59.508,0.000,0.000,0.002,-0.000,-0.001,0.234,0.002,-0.226,1.000,251.703,111.595,59.508,0.000,0.000,0.002,-0.000,-0.001,0.234,0.002,-0.226,1.000,-0.1549,-0.0000,,,,,,,61.77,13162.65,0.47%,0.0001,3.1250,0.0003,1.1797,2.4375,17.3750,362.0,7614.0
wor60r-29M-13p1B-100k-bs64-lr3-mucenteringwt-g0e+00-s1,3.635,3.635,37.912,,,-,-,-,-,-,0.931,2.382,0.670,0.302,0.000,0.000,0.0687,0.0000,,-,0.931,2.382,0.670,0.302,0.000,0.000,0.000,0.000,-0.000,0.235,-0.001,-0.212,1.000,2.382,0.670,0.302,0.000,0.000,0.000,-0.000,-0.000,0.235,-0.001,-0.212,1.000,0.0687,0.0000,,,,,,,1.46,83.69,1.74%,0.0000,2.5000,0.0000,0.2051,1.9453,15.6250,292.0,7580.5
wor60r-29M-13p1B-100k-bs64-lr30-mucenteringwt-g0e+00-s1,3.564,3.564,35.302,,,-,-,-,-,-,0.033,13.102,4.078,1.969,0.000,0.000,0.0217,0.0000,,-,0.033,13.102,4.078,1.969,0.000,0.000,0.000,0.000,-0.000,0.324,0.008,-0.315,1.000,13.102,4.078,1.969,0.000,0.000,0.000,-0.000,-0.000,0.324,0.008,-0.315,1.000,0.0217,0.0000,,,,,,,2.61,512.38,0.51%,0.0000,2.9688,0.0002,0.3301,2.3125,16.7500,324.0,7595.0
wor60r-29M-13p1B-100k-bs64-lr300-mucenteringwt-g0e+00-s1,3.575,3.575,35.706,,,-,-,-,-,-,0.000,90.498,37.668,21.145,0.000,0.000,0.0221,0.0000,,-,0.000,90.498,37.668,21.145,0.000,0.000,0.000,0.000,-0.000,0.264,0.007,-0.279,1.000,90.498,37.668,21.145,0.000,0.000,0.000,-0.000,-0.000,0.264,0.007,-0.279,1.000,0.0221,0.0000,,,,,,,20.90,3870.11,0.54%,0.0008,3.6250,0.0004,0.7422,2.8438,19.5000,366.0,7583.5
wor60r-29M-13p1B-100k-bs64-lr3000-mucenteringwt-g0e+00-s1,3.640,3.640,38.073,,,-,-,-,-,-,0.000,565.344,251.735,130.683,0.000,0.000,-0.4078,-0.0000,,-,0.000,565.344,251.735,130.683,0.000,0.000,0.022,-0.000,-0.017,0.429,0.011,-0.380,1.000,565.344,251.735,130.683,0.000,0.000,0.022,-0.000,-0.017,0.429,0.011,-0.380,1.000,-0.4078,-0.0000,,,,,,,156.98,29721.35,0.53%,-0.0001,3.0156,0.0002,0.7891,2.3438,17.2500,342.0,7578.6
wor60s-29M-13p1B-100k-bs64-lr10-softcappingwt-g3e+01-s1,3.580,3.580,35.871,,,-,-,-,-,-,0.072,5.705,2.595,0.960,2.129,0.821,-0.1071,-4.7074,,-,0.072,5.705,2.595,0.960,2.129,0.821,11.117,4.534,-3.618,0.982,0.797,-0.670,0.733,4.458,1.627,0.820,0.000,0.000,6.583,-0.000,-8.152,0.931,-0.044,-0.921,1.000,-0.1071,-4.7074,,,,,,,1.78,515.83,0.34%,-4.7188,3.0156,2.7500,0.3496,5.1562,19.0000,203.0,8098.0
wor60s-29M-13p1B-100k-bs64-lr100-softcappingwt-g3e+01-s1,3.563,3.563,35.278,,,-,-,-,-,-,0.000,40.416,23.022,8.013,20.011,0.869,-0.0330,-4.5135,,-,0.000,40.416,23.022,8.013,20.011,0.869,771.248,400.454,-259.432,0.979,0.853,-0.680,0.856,37.789,12.574,5.515,0.000,0.000,370.792,-0.002,-659.888,0.908,-0.030,-0.940,1.000,-0.0330,-4.5135,,,,,,,8.81,4725.08,0.19%,-4.5000,3.2812,3.9375,0.5820,5.3750,20.8750,251.0,8084.0
wor60s-29M-13p1B-100k-bs64-lr1000-softcappingwt-g3e+01-s1,3.573,3.573,35.617,,,-,-,-,-,-,0.000,353.069,184.412,74.150,152.649,0.828,-0.0157,-3.8096,,-,0.000,353.069,184.412,74.150,152.649,0.828,49708.598,23301.619,-8737.479,0.963,0.803,-0.399,0.645,254.191,112.348,53.129,0.001,0.000,26407.027,0.044,-32039.059,0.805,-0.017,-0.890,1.000,-0.0157,-3.8096,,,,,,,62.29,36558.32,0.17%,-3.8281,3.4375,5.8438,1.2344,5.4062,21.8750,336.0,8100.1
wor60s-29M-13p1B-100k-bs64-lr3-softcappingwt-g3e+01-s1,3.637,3.637,37.991,,,-,-,-,-,-,0.326,2.429,1.346,0.468,1.193,0.886,-0.1867,-5.3396,,-,0.326,2.429,1.346,0.468,1.193,0.886,2.788,1.423,-1.175,0.991,0.869,-0.708,0.932,2.463,0.696,0.301,0.000,0.000,1.365,0.000,-2.598,0.962,-0.024,-0.941,1.000,-0.1867,-5.3396,,,,,,,1.54,282.01,0.55%,-5.3438,2.6094,2.6562,0.2393,5.7188,17.0000,162.0,8094.0
wor60s-29M-13p1B-100k-bs64-lr30-softcappingwt-g3e+01-s1,3.561,3.561,35.212,,,-,-,-,-,-,0.024,14.403,6.805,2.511,5.847,0.859,-0.0650,-4.9021,,-,0.024,14.403,6.805,2.511,5.847,0.859,78.970,34.185,-25.732,0.969,0.842,-0.681,0.759,11.489,3.813,1.833,0.000,0.000,44.785,-0.000,-59.918,0.869,-0.034,-0.929,1.000,-0.0650,-4.9021,,,,,,,3.29,1386.64,0.24%,-4.9062,3.0781,3.0312,0.4395,5.4062,20.1250,214.0,8109.0
wor60s-29M-13p1B-100k-bs64-lr300-softcappingwt-g3e+01-s1,3.575,3.575,35.684,,,-,-,-,-,-,0.000,119.375,66.151,21.832,57.650,0.871,-0.0260,-4.4679,,-,0.000,119.375,66.151,21.832,57.650,0.871,6251.708,3323.552,-2101.171,0.972,0.853,-0.761,0.868,103.649,35.761,20.369,0.000,0.000,2928.155,-0.002,-5424.725,0.841,-0.015,-0.954,1.000,-0.0260,-4.4679,,,,,,,17.65,13594.05,0.13%,-4.4688,3.2969,3.8906,0.7148,5.4062,21.2500,260.0,8093.5
wor60s-29M-13p1B-100k-bs64-lr3000-softcappingwt-g3e+01-s1,3.620,3.620,37.340,,,-,-,-,-,-,0.000,833.106,380.943,164.595,276.610,0.726,-0.0389,-3.3268,,-,0.000,833.106,380.943,164.595,276.610,0.726,181253.625,76513.305,-71894.969,0.923,0.693,-0.709,0.819,638.804,275.679,121.705,0.001,0.000,104740.422,0.110,-148408.172,0.681,-0.024,-0.926,1.000,-0.0389,-3.3268,,,,,,,176.36,68132.17,0.26%,-3.3281,3.2188,4.9375,1.0391,4.5625,20.2500,310.0,8076.5
wor60z-29M-13p1B-100k-bs64-lr10-zlosswt-g1e-04-s1,3.579,3.579,35.851,,,-,-,-,-,-,0.040,6.569,3.284,1.321,2.872,0.875,-0.1991,-14.5182,,-,0.040,6.569,3.284,1.321,2.872,0.875,17.503,8.250,-0.533,0.986,0.869,-0.089,0.529,4.128,1.702,0.747,0.000,0.000,9.252,-0.000,-8.784,0.891,-0.035,-0.894,1.000,-0.1991,-14.5182,,,,,,,1.78,666.46,0.27%,-14.5000,3.2188,4.5938,0.4238,14.6250,30.8750,24.4,7858.8
wor60z-29M-13p1B-100k-bs64-lr100-zlosswt-g1e-04-s1,3.568,3.568,35.429,,,-,-,-,-,-,0.000,42.692,25.338,11.706,21.925,0.865,-0.0602,-15.4976,,-,0.000,42.692,25.338,11.706,21.925,0.865,836.782,480.714,23.125,0.962,0.864,0.076,0.547,31.310,13.169,6.434,0.000,0.000,356.069,0.000,-457.588,0.712,-0.032,-0.863,1.000,-0.0602,-15.4976,,,,,,,10.35,5008.67,0.21%,-15.5000,3.6250,4.4375,0.6172,15.5000,34.5000,16.8,7877.3
wor60z-29M-13p1B-100k-bs64-lr1000-zlosswt-g1e-04-s1,3.590,3.590,36.227,,,-,-,-,-,-,0.000,457.225,305.774,174.287,286.798,0.938,-0.0645,-18.0244,,-,0.000,457.225,305.774,174.287,286.798,0.938,121482.766,82253.422,40722.324,0.984,0.935,0.707,0.342,221.489,116.361,54.861,0.001,0.000,39229.504,0.160,-41530.938,0.738,-0.012,-0.820,1.000,-0.0645,-18.0244,,,,,,,105.08,65447.30,0.16%,-18.0000,3.2969,4.6250,0.7812,18.0000,37.5000,8.5,7852.8
wor60z-29M-13p1B-100k-bs64-lr3-zlosswt-g1e-04-s1,3.637,3.637,37.980,,,-,-,-,-,-,0.229,2.598,1.558,0.592,1.414,0.908,-0.2871,-12.8708,,-,0.229,2.598,1.558,0.592,1.414,0.908,3.392,1.999,-0.500,0.992,0.902,-0.351,0.737,2.083,0.710,0.362,0.000,0.000,1.393,-0.000,-2.499,0.922,-0.028,-0.910,1.000,-0.2871,-12.8708,,,,,,,1.75,325.50,0.54%,-12.8750,2.7812,4.1875,0.3027,12.9375,25.0000,30.2,7868.3
wor60z-29M-13p1B-100k-bs64-lr30-zlosswt-g1e-04-s1,3.561,3.561,35.193,,,-,-,-,-,-,0.000,15.812,8.586,3.617,7.194,0.838,-0.1488,-15.3689,,-,0.000,15.812,8.586,3.617,7.194,0.838,101.148,51.757,2.593,0.976,0.835,0.077,0.488,11.728,4.874,2.366,0.000,0.000,49.392,0.000,-49.164,0.807,-0.032,-0.867,1.000,-0.1488,-15.3689,,,,,,,3.94,1660.95,0.24%,-15.3750,3.5469,4.2812,0.5391,15.3750,33.5000,16.4,7870.3
wor60z-29M-13p1B-100k-bs64-lr300-zlosswt-g1e-04-s1,3.572,3.572,35.574,,,-,-,-,-,-,0.000,120.352,76.875,32.497,66.255,0.862,-0.0663,-16.3150,,-,0.000,120.352,76.875,32.497,66.255,0.862,6495.976,4389.723,559.701,0.954,0.861,0.240,0.590,78.631,40.015,20.306,0.000,0.000,2106.250,-0.002,-3830.024,0.627,-0.019,-0.876,1.000,-0.0663,-16.3150,,,,,,,42.28,15057.71,0.28%,-16.3750,4.0625,5.2188,0.8906,16.3750,36.2500,16.6,7867.3
wor60z-29M-13p1B-100k-bs64-lr3000-zlosswt-g1e-04-s1,3.670,3.670,39.267,,,-,-,-,-,-,0.000,1304.590,947.307,524.416,907.026,0.957,-0.0669,-17.0909,,-,0.000,1304.590,947.307,524.416,907.026,0.957,1132810.625,822696.375,422304.875,0.988,0.957,0.841,0.353,546.633,296.935,143.630,0.005,0.000,310115.125,0.921,-400390.562,0.690,-0.010,-0.904,1.000,-0.0669,-17.0909,,,,,,,222.37,205390.22,0.11%,-17.1250,3.0938,4.6875,0.8281,17.1250,31.3750,8.4,7849.8
wor80a-57M-13p1B-100k-bs64-lr10-baselinewt-g0e+00-s1,3.350,3.350,28.494,,,-,-,-,-,-,0.140,4.957,2.433,1.205,1.729,0.711,-0.0120,-0.4277,,-,0.140,4.957,2.433,1.205,1.729,0.711,6.668,2.989,-2.166,0.945,0.694,-0.467,0.773,4.420,1.774,0.772,0.000,0.000,3.679,0.000,-5.154,0.794,-0.031,-0.824,1.000,-0.0120,-0.4277,,,,,,,1.87,413.61,0.45%,-0.4277,2.8125,8.3125,0.2969,6.9688,21.6250,390.0,12696.2
wor80a-57M-13p1B-100k-bs64-lr100-baselinewt-g0e+00-s1,3.339,3.339,28.179,,,-,-,-,-,-,0.000,47.492,24.616,10.719,18.997,0.772,-0.0184,-2.8138,,-,0.000,47.492,24.616,10.719,18.997,0.772,777.448,360.878,-256.227,0.959,0.754,-0.636,0.794,39.192,16.565,7.538,0.000,0.000,416.570,-0.000,-617.105,0.841,-0.040,-0.894,1.000,-0.0184,-2.8138,,,,,,,7.14,4531.60,0.16%,-2.8125,3.1094,21.3750,0.4629,16.1250,31.8750,740.0,12723.2
wor80a-57M-13p1B-100k-bs64-lr1000-baselinewt-g0e+00-s1,3.418,3.418,30.514,,,-,-,-,-,-,0.000,366.910,206.150,111.986,148.585,0.721,0.0890,85.7543,,-,0.000,366.910,206.150,111.986,148.585,0.721,44734.059,22077.455,-7306.542,0.925,0.701,-0.324,0.657,272.066,148.544,70.411,0.001,0.000,22656.635,0.030,-29383.967,0.681,-0.027,-0.814,1.000,0.0890,85.7543,,,,,,,83.19,35601.70,0.23%,85.5000,4.1250,151.0000,2.5625,86.5000,105.0000,34560.0,12691.5
wor80a-57M-13p1B-100k-bs64-lr3-baselinewt-g0e+00-s1,3.399,3.399,29.930,,,-,-,-,-,-,0.352,1.988,1.173,0.510,0.959,0.817,-0.1860,-4.3499,,-,0.352,1.988,1.173,0.510,0.959,0.817,1.755,0.919,-1.117,0.982,0.796,-0.740,1.160,2.575,0.717,0.290,0.000,0.000,0.836,0.000,-2.036,0.912,-0.011,-0.910,1.000,-0.1860,-4.3499,,,,,,,1.55,227.89,0.68%,-4.3438,2.3906,4.5938,0.1973,5.7500,16.8750,191.0,12713.6
wor80a-57M-13p1B-100k-bs64-lr30-baselinewt-g0e+00-s1,3.337,3.337,28.145,,,-,-,-,-,-,0.001,14.118,7.392,3.365,5.577,0.754,0.0356,5.6823,,-,0.001,14.118,7.392,3.365,5.577,0.754,64.443,31.101,-23.786,0.956,0.737,-0.506,0.852,12.703,5.064,2.766,0.000,0.000,33.343,-0.000,-54.886,0.835,-0.026,-0.850,1.000,0.0356,5.6823,,,,,,,2.33,1321.62,0.18%,5.6875,3.0781,9.3125,0.3887,8.8750,25.2500,680.0,12661.6
wor80a-57M-13p1B-100k-bs64-lr300-baselinewt-g0e+00-s1,3.361,3.361,28.807,,,-,-,-,-,-,0.000,128.259,73.455,33.676,59.191,0.806,0.0300,23.7109,,-,0.000,128.259,73.455,33.676,59.191,0.806,6552.253,3503.609,-882.755,0.949,0.796,-0.310,0.669,93.918,45.537,22.918,0.000,0.000,3048.643,-0.000,-4386.364,0.692,-0.028,-0.855,1.000,0.0300,23.7109,,,,,,,13.40,13781.47,0.10%,23.7500,3.7656,20.1250,1.1406,24.2500,42.2500,2320.0,12762.2
wor80a-57M-13p1B-100k-bs64-lr3000-baselinewt-g0e+00-s1,5.006,5.006,149.337,,,-,-,-,-,-,0.000,899.505,569.575,278.627,447.564,0.786,0.1519,1227.1650,,-,0.000,899.505,569.575,278.627,447.564,0.786,341531.281,200313.531,-43636.836,0.944,0.768,-0.276,0.714,652.291,368.122,198.648,0.001,0.000,141218.000,0.232,-243950.094,0.634,-0.005,-0.859,1.000,0.1519,1227.1650,,,,,,,104.17,105221.24,0.10%,1224.0000,6.9375,856.0000,4.6250,1224.0000,1248.0000,2310144.0,12649.1
wor80e-57M-13p1B-100k-bs64-lr10-mulosswt-g1e-04-s1,3.350,3.350,28.509,,,-,-,-,-,-,0.159,4.614,2.409,1.224,1.669,0.693,-0.0077,-0.2796,,-,0.159,4.614,2.409,1.224,1.669,0.693,6.320,2.785,-1.971,0.936,0.678,-0.438,0.753,4.146,1.785,0.879,0.000,0.000,3.534,0.000,-4.756,0.714,-0.022,-0.805,1.000,-0.0077,-0.2796,,,,,,,1.89,396.05,0.48%,-0.2793,2.8750,7.1875,0.2949,6.1875,21.1250,378.0,12834.1
wor80e-57M-13p1B-100k-bs64-lr100-mulosswt-g1e-04-s1,3.336,3.336,28.119,,,-,-,-,-,-,0.000,115.950,21.663,10.140,10.652,0.492,0.1082,14.3050,,-,0.000,115.950,21.663,10.140,10.652,0.492,233.639,113.467,-265.649,0.788,0.554,-0.414,1.427,118.696,18.308,8.470,0.000,0.000,120.172,-0.001,-379.117,0.433,0.024,-0.742,1.000,0.1082,14.3050,,,,,,,6.81,3827.40,0.18%,14.3125,3.5312,15.6250,0.8359,17.3750,34.5000,1392.0,12843.9
wor80e-57M-13p1B-100k-bs64-lr1000-mulosswt-g1e-04-s1,3.370,3.370,29.066,,,-,-,-,-,-,0.000,587.453,138.035,74.223,10.633,0.077,-0.5371,-6.2652,,-,0.000,587.453,138.035,74.223,10.633,0.077,240.812,113.051,-151.597,0.181,0.089,-0.098,1.099,587.738,137.540,73.823,0.000,0.000,127.761,0.000,-264.648,0.082,0.004,-0.169,1.000,-0.5371,-6.2652,,,,,,,57.30,21994.66,0.26%,-6.2500,2.9844,9.3750,2.1406,9.0625,23.1250,320.0,12823.3
wor80e-57M-13p1B-100k-bs64-lr3-mulosswt-g1e-04-s1,3.399,3.399,29.932,,,-,-,-,-,-,0.356,1.957,1.175,0.509,0.959,0.816,-0.1862,-4.3381,,-,0.356,1.957,1.175,0.509,0.959,0.816,1.704,0.920,-1.092,0.983,0.796,-0.735,1.181,2.531,0.718,0.293,0.000,0.000,0.784,0.000,-2.012,0.908,-0.011,-0.906,1.000,-0.1862,-4.3381,,,,,,,1.57,227.31,0.69%,-4.3438,2.4062,4.3750,0.1855,5.6250,16.8750,190.0,12794.8
wor80e-57M-13p1B-100k-bs64-lr30-mulosswt-g1e-04-s1,3.338,3.338,28.157,,,-,-,-,-,-,0.002,12.858,6.850,3.246,5.021,0.733,0.0099,0.8160,,-,0.002,12.858,6.850,3.246,5.021,0.733,54.598,25.211,-20.907,0.929,0.719,-0.556,0.845,11.860,4.812,2.316,0.000,0.000,29.387,0.000,-46.118,0.656,-0.025,-0.851,1.000,0.0099,0.8160,,,,,,,2.96,1184.34,0.25%,0.8164,2.9531,7.5938,0.3770,6.3125,21.6250,434.0,12788.6
wor80e-57M-13p1B-100k-bs64-lr300-mulosswt-g1e-04-s1,3.344,3.344,28.336,,,-,-,-,-,-,0.000,277.043,56.645,29.885,18.495,0.327,-0.1373,-8.2018,,-,0.000,277.043,56.645,29.885,18.495,0.327,556.163,342.062,-491.513,0.599,0.374,-0.096,1.499,279.424,52.928,26.106,0.000,0.000,214.100,-0.001,-833.576,0.179,0.013,-0.355,1.000,-0.1373,-8.2018,,,,,,,17.48,10042.31,0.17%,-8.1875,3.2344,17.1250,1.0078,15.7500,31.1250,462.0,12772.9
wor80e-57M-13p1B-100k-bs64-lr3000-mulosswt-g1e-04-s1,3.440,3.440,31.196,,,-,-,-,-,-,0.000,613.393,280.288,149.899,4.826,0.017,0.1617,0.5318,,-,0.000,613.393,280.288,149.899,4.826,0.017,225.905,23.292,-349.371,0.095,0.014,-0.202,1.067,613.074,280.262,150.103,0.000,0.000,202.613,-0.000,-372.663,0.085,-0.003,-0.217,1.000,0.1617,0.5318,,,,,,,125.97,12890.24,0.98%,0.5312,2.8750,2.0312,1.0547,2.8125,18.7500,384.0,12775.8
wor80r-57M-13p1B-100k-bs64-lr10-mucenteringwt-g0e+00-s1,3.348,3.348,28.435,,,-,-,-,-,-,0.618,5.475,1.968,0.980,0.000,0.000,-0.0425,-0.0000,,-,0.618,5.475,1.968,0.980,0.000,0.000,0.000,0.000,-0.000,0.228,-0.002,-0.240,1.000,5.475,1.968,0.980,0.000,0.000,0.000,-0.000,-0.000,0.228,-0.002,-0.240,1.000,-0.0425,-0.0000,,,,,,,1.97,220.46,0.89%,0.0000,2.8125,0.0001,0.2871,2.1875,16.7500,324.0,12771.8
wor80r-57M-13p1B-100k-bs64-lr100-mucenteringwt-g0e+00-s1,3.340,3.340,28.228,,,-,-,-,-,-,0.000,45.182,17.173,9.848,0.000,0.000,-0.0357,-0.0000,,-,0.000,45.182,17.173,9.848,0.000,0.000,0.000,-0.000,-0.000,0.184,-0.001,-0.198,1.000,45.182,17.173,9.848,0.000,0.000,0.000,-0.000,-0.000,0.184,-0.001,-0.198,1.000,-0.0357,-0.0000,,,,,,,9.37,2023.24,0.46%,0.0003,3.3750,0.0004,0.5000,2.6094,18.5000,360.0,12803.3
wor80r-57M-13p1B-100k-bs64-lr1000-mucenteringwt-g0e+00-s1,3.386,3.386,29.547,,,-,-,-,-,-,0.000,268.293,135.285,68.753,0.000,0.000,-0.2014,-0.0000,,-,0.000,268.293,135.285,68.753,0.000,0.000,0.001,-0.000,-0.001,0.167,0.003,-0.176,1.000,268.293,135.285,68.753,0.000,0.000,0.001,-0.000,-0.001,0.167,0.003,-0.176,1.000,-0.2014,-0.0000,,,,,,,61.87,14326.74,0.43%,-0.0000,3.2812,0.0002,2.0625,2.5781,18.1250,456.0,12774.1
wor80r-57M-13p1B-100k-bs64-lr3-mucenteringwt-g0e+00-s1,3.399,3.399,29.925,,,-,-,-,-,-,0.936,2.312,0.738,0.324,0.000,0.000,0.0060,0.0000,,-,0.936,2.312,0.738,0.324,0.000,0.000,0.000,0.000,-0.000,0.190,0.000,-0.193,1.000,2.312,0.738,0.324,0.000,0.000,0.000,-0.000,-0.000,0.190,0.000,-0.193,1.000,0.0060,0.0000,,,,,,,1.39,79.65,1.74%,0.0000,2.4531,0.0001,0.1953,1.9062,16.0000,300.0,12797.3
wor80r-57M-13p1B-100k-bs64-lr30-mucenteringwt-g0e+00-s1,3.336,3.336,28.102,,,-,-,-,-,-,0.016,14.868,5.623,3.303,0.000,0.000,-0.0070,-0.0000,,-,0.016,14.868,5.623,3.303,0.000,0.000,0.000,0.000,-0.000,0.295,-0.009,-0.297,1.000,14.868,5.623,3.303,0.000,0.000,0.000,-0.000,-0.000,0.295,-0.009,-0.297,1.000,-0.0070,-0.0000,,,,,,,3.53,558.78,0.63%,0.0002,3.1094,0.0003,0.3750,2.4062,17.6250,342.0,12781.7
wor80r-57M-13p1B-100k-bs64-lr300-mucenteringwt-g0e+00-s1,3.346,3.346,28.400,,,-,-,-,-,-,0.000,106.402,45.650,24.255,0.000,0.000,-0.0938,-0.0000,,-,0.000,106.402,45.650,24.255,0.000,0.000,0.000,0.000,-0.000,0.222,0.003,-0.216,1.000,106.402,45.650,24.255,0.000,0.000,0.000,-0.000,-0.000,0.222,0.003,-0.216,1.000,-0.0938,-0.0000,,,,,,,27.17,4653.50,0.58%,0.0002,3.1094,0.0004,0.9766,2.4219,17.8750,372.0,12822.3
wor80r-57M-13p1B-100k-bs64-lr3000-mucenteringwt-g0e+00-s1,3.448,3.448,31.450,,,-,-,-,-,-,0.000,670.872,327.326,167.753,0.000,0.000,-0.3096,-0.0000,,-,0.000,670.872,327.326,167.753,0.000,0.000,0.007,0.000,-0.005,0.179,-0.002,-0.183,1.000,670.872,327.326,167.753,0.000,0.000,0.007,-0.000,-0.005,0.179,-0.002,-0.183,1.000,-0.3096,-0.0000,,,,,,,136.80,31484.09,0.43%,-0.0000,2.9688,0.0001,1.1719,2.3125,17.6250,370.0,12743.6
wor80s-57M-13p1B-100k-bs64-lr10-softcappingwt-g3e+01-s1,3.346,3.346,28.398,,,-,-,-,-,-,0.108,4.794,2.503,1.046,1.892,0.756,-0.0875,-3.3171,,-,0.108,4.794,2.503,1.046,1.892,0.756,7.899,3.579,-4.074,0.971,0.735,-0.700,0.969,4.877,1.722,0.905,0.000,0.000,4.320,0.000,-7.653,0.892,-0.032,-0.893,1.000,-0.0875,-3.3171,,,,,,,1.73,454.24,0.38%,-3.3125,2.8906,2.7656,0.3145,4.0938,18.6250,264.0,13334.2
wor80s-57M-13p1B-100k-bs64-lr100-softcappingwt-g3e+01-s1,3.334,3.334,28.037,,,-,-,-,-,-,0.000,42.237,21.818,9.318,16.074,0.737,-0.0126,-1.6526,,-,0.000,42.237,21.818,9.318,16.074,0.737,557.268,258.384,-244.258,0.963,0.716,-0.675,0.902,38.660,15.389,9.843,0.000,0.000,298.884,-0.000,-502.642,0.869,-0.025,-0.906,1.000,-0.0126,-1.6526,,,,,,,5.69,3836.58,0.15%,-1.6562,3.6250,3.6562,0.7109,3.9844,22.7500,444.0,13282.6
wor80s-57M-13p1B-100k-bs64-lr1000-softcappingwt-g3e+01-s1,3.360,3.360,28.776,,,-,-,-,-,-,0.000,327.387,147.947,74.881,76.387,0.516,-0.0002,-0.0296,,-,0.000,327.387,147.947,74.881,76.387,0.516,18016.074,5834.967,-8039.706,0.872,0.479,-0.653,0.770,278.061,129.969,72.279,0.000,0.000,12181.119,0.011,-13874.660,0.701,-0.033,-0.853,1.000,-0.0002,-0.0296,,,,,,,60.25,20466.90,0.29%,-0.0444,4.2500,7.6250,1.7891,4.9375,26.7500,668.0,13275.6
wor80s-57M-13p1B-100k-bs64-lr3-softcappingwt-g3e+01-s1,3.396,3.396,29.852,,,-,-,-,-,-,0.357,2.174,1.152,0.469,0.939,0.815,-0.1868,-4.5027,,-,0.357,2.174,1.152,0.469,0.939,0.815,1.906,0.881,-1.016,0.986,0.793,-0.728,0.995,2.408,0.719,0.330,0.000,0.000,1.025,-0.000,-1.897,0.951,-0.033,-0.909,1.000,-0.1868,-4.5027,,,,,,,1.38,225.36,0.61%,-4.5000,2.5781,2.7656,0.2344,5.0312,17.0000,200.0,13275.7
wor80s-57M-13p1B-100k-bs64-lr30-softcappingwt-g3e+01-s1,3.333,3.333,28.012,,,-,-,-,-,-,0.042,12.631,6.784,2.860,4.985,0.735,-0.0170,-1.1482,,-,0.042,12.631,6.784,2.860,4.985,0.735,56.152,24.846,-29.439,0.953,0.710,-0.699,0.967,13.919,4.820,2.731,0.000,0.000,31.307,0.000,-54.285,0.867,-0.024,-0.891,1.000,-0.0170,-1.1482,,,,,,,4.26,1205.52,0.35%,-1.1562,3.2500,4.2188,0.4336,4.0938,21.7500,428.0,13273.3
wor80s-57M-13p1B-100k-bs64-lr300-softcappingwt-g3e+01-s1,3.341,3.341,28.248,,,-,-,-,-,-,0.000,108.254,51.664,26.734,30.628,0.593,0.0099,1.6227,,-,0.000,108.254,51.664,26.734,30.628,0.593,2609.586,938.063,-1145.849,0.892,0.555,-0.528,0.799,96.606,43.255,25.890,0.000,0.000,1671.525,0.001,-2083.911,0.718,-0.045,-0.785,1.000,0.0099,1.6227,,,,,,,18.37,8021.65,0.23%,1.6094,3.9531,6.1875,0.9961,5.4375,28.3750,760.0,13259.1
wor80s-57M-13p1B-100k-bs64-lr3000-softcappingwt-g3e+01-s1,3.409,3.409,30.237,,,-,-,-,-,-,0.000,802.101,387.600,205.630,218.067,0.563,-0.0037,-1.0975,,-,0.000,802.101,387.600,205.630,218.067,0.563,122835.500,47553.363,-84274.484,0.884,0.538,-0.779,1.073,703.540,325.498,172.320,0.001,0.000,75282.125,-0.017,-131827.859,0.613,-0.010,-0.889,1.000,-0.0037,-1.0975,,,,,,,110.62,54652.10,0.20%,-1.1016,3.6562,5.3438,1.1406,4.0938,23.2500,516.0,13238.0
wor80z-57M-13p1B-100k-bs64-lr10-zlosswt-g1e-04-s1,3.348,3.348,28.457,,,-,-,-,-,-,0.061,7.371,3.357,1.568,2.594,0.773,-0.2072,-15.0865,,-,0.061,7.371,3.357,1.568,2.594,0.773,14.056,6.731,0.276,0.967,0.772,0.047,0.521,6.529,2.180,1.170,0.000,0.000,7.324,-0.000,-6.455,0.778,-0.029,-0.815,1.000,-0.2072,-15.0865,,,,,,,1.87,597.66,0.31%,-15.0625,3.3125,3.9062,0.3887,15.1250,33.5000,16.6,12981.3
wor80z-57M-13p1B-100k-bs64-lr100-zlosswt-g1e-04-s1,3.336,3.336,28.100,,,-,-,-,-,-,0.000,55.377,28.996,13.579,23.644,0.815,-0.0670,-16.4428,,-,0.000,55.377,28.996,13.579,23.644,0.815,1070.716,559.049,23.791,0.948,0.813,0.064,0.500,38.915,17.422,9.946,0.000,0.000,511.668,0.000,-535.257,0.668,-0.039,-0.841,1.000,-0.0670,-16.4428,,,,,,,10.49,5439.96,0.19%,-16.5000,4.1250,4.6562,0.7539,16.5000,41.0000,15.5,13125.4
wor80z-57M-13p1B-100k-bs64-lr1000-zlosswt-g1e-04-s1,3.478,3.478,32.380,,,-,-,-,-,-,0.000,535.168,335.565,193.814,301.041,0.897,-0.0036,-23.5013,,-,0.000,535.168,335.565,193.814,301.041,0.897,147251.594,90625.469,45679.406,0.968,0.894,0.658,0.385,313.701,156.588,81.643,0.002,0.000,56626.055,-0.050,-44946.117,0.672,-0.023,-0.787,1.000,-0.0036,-23.5013,,,,,,,41.00,68703.66,0.06%,-23.6250,18.2500,7.0312,10.9375,23.6250,157.0000,8.5,13000.9
wor80z-57M-13p1B-100k-bs64-lr3-zlosswt-g1e-04-s1,3.398,3.398,29.906,,,-,-,-,-,-,0.261,2.819,1.571,0.692,1.378,0.877,-0.2855,-13.2937,,-,0.261,2.819,1.571,0.692,1.378,0.877,3.577,1.898,-0.478,0.986,0.869,-0.323,0.664,2.096,0.813,0.390,0.000,0.000,1.678,-0.000,-2.376,0.905,-0.031,-0.888,1.000,-0.2855,-13.2937,,,,,,,1.62,319.28,0.51%,-13.3125,2.9219,4.0312,0.2949,13.3125,27.1250,27.0,13057.9
wor80z-57M-13p1B-100k-bs64-lr30-zlosswt-g1e-04-s1,3.334,3.334,28.057,,,-,-,-,-,-,0.000,15.953,9.335,4.533,7.835,0.839,-0.0751,-15.3413,,-,0.000,15.953,9.335,4.533,7.835,0.839,111.896,61.379,1.941,0.956,0.836,0.048,0.531,11.570,5.226,2.955,0.000,0.000,50.517,-0.000,-59.439,0.731,-0.019,-0.849,1.000,-0.0751,-15.3413,,,,,,,3.44,1790.39,0.19%,-15.3750,3.4375,3.8906,0.5586,15.3750,33.5000,15.2,13115.0
wor80z-57M-13p1B-100k-bs64-lr300-zlosswt-g1e-04-s1,3.344,3.344,28.330,,,-,-,-,-,-,0.000,146.486,93.151,47.572,76.381,0.820,-0.0347,-18.4887,,-,0.000,146.486,93.151,47.572,76.381,0.820,9249.198,5834.095,982.420,0.931,0.817,0.240,0.525,99.351,54.500,29.790,0.000,0.000,3415.100,-0.003,-4851.678,0.564,-0.015,-0.805,1.000,-0.0347,-18.4887,,,,,,,14.34,17428.47,0.08%,-18.5000,4.6875,6.0312,1.3281,18.5000,48.2500,10.4,13047.6
wor80z-57M-13p1B-100k-bs64-lr3000-zlosswt-g1e-04-s1,3.721,3.721,41.311,,,-,-,-,-,-,0.000,1349.751,1012.559,474.355,945.123,0.933,-0.0017,-21.6150,,-,0.000,1349.751,1012.559,474.355,945.123,0.933,1178877.500,893257.625,379864.281,0.984,0.932,0.796,0.435,648.083,379.563,193.103,0.004,0.000,285620.625,0.519,-513392.719,0.613,-0.003,-0.908,1.000,-0.0017,-21.6150,,,,,,,105.44,213777.61,0.05%,-21.7500,18.8750,9.0000,15.3750,21.7500,255.0000,21.9,12999.4
worA0a-109M-13p1B-100k-bs64-lr10-baselinewt-g0e+00-s1,3.173,3.173,23.871,,,-,-,-,-,-,0.064,6.620,3.170,1.400,2.292,0.723,-0.0976,-3.8923,,-,0.064,6.620,3.170,1.400,2.292,0.723,12.385,5.256,-5.104,0.949,0.702,-0.645,0.836,5.636,2.279,1.209,0.000,0.000,7.130,-0.000,-10.359,0.809,-0.023,-0.895,1.000,-0.0976,-3.8923,,,,,,,1.94,551.59,0.35%,-3.8906,2.7656,6.1562,0.2754,6.5312,20.2500,247.0,20332.5
worA0a-109M-13p1B-100k-bs64-lr100-baselinewt-g0e+00-s1,3.162,3.162,23.612,,,-,-,-,-,-,0.000,65.458,32.403,14.261,25.165,0.777,0.0659,18.5119,,-,0.000,65.458,32.403,14.261,25.165,0.777,1405.680,633.269,-438.473,0.931,0.757,-0.597,0.762,50.740,21.498,10.884,0.000,0.000,772.411,0.000,-1071.741,0.708,-0.023,-0.896,1.000,0.0659,18.5119,,,,,,,6.86,5972.58,0.11%,18.5000,3.1875,17.3750,0.4375,21.2500,38.5000,1728.0,20396.5
worA0a-109M-13p1B-100k-bs64-lr1000-baselinewt-g0e+00-s1,3.577,3.577,35.757,,,-,-,-,-,-,0.000,438.649,260.507,139.769,191.639,0.736,0.2162,537.7253,,-,0.000,438.649,260.507,139.769,191.639,0.736,65154.188,36725.660,-2162.439,0.909,0.720,-0.056,0.597,335.311,181.732,93.171,0.001,0.000,28428.512,-0.014,-38888.109,0.646,-0.011,-0.755,1.000,0.2162,537.7253,,,,,,,95.93,44969.33,0.21%,536.0000,3.9688,264.0000,0.8555,536.0000,556.0000,380928.0,20299.0
worA0a-109M-13p1B-100k-bs64-lr3-baselinewt-g0e+00-s1,3.219,3.219,25.008,,,-,-,-,-,-,0.373,2.149,1.279,0.552,1.008,0.788,-0.1457,-3.7539,,-,0.373,2.149,1.279,0.552,1.008,0.788,1.943,1.016,-1.082,0.983,0.770,-0.736,1.080,2.509,0.820,0.374,0.000,0.000,0.927,0.000,-2.098,0.902,-0.005,-0.920,1.000,-0.1457,-3.7539,,,,,,,1.34,237.93,0.56%,-3.7500,2.3594,4.7812,0.1729,5.4688,16.6250,212.0,20302.9
worA0a-109M-13p1B-100k-bs64-lr30-baselinewt-g0e+00-s1,3.158,3.158,23.512,,,-,-,-,-,-,0.000,18.144,9.764,4.213,7.525,0.771,0.0460,4.5357,,-,0.000,18.144,9.764,4.213,7.525,0.771,120.803,56.632,-51.739,0.941,0.753,-0.698,0.897,16.784,6.499,3.322,0.000,0.000,64.170,-0.000,-108.372,0.750,-0.019,-0.913,1.000,0.0460,4.5357,,,,,,,2.87,1777.80,0.16%,4.5312,2.8750,13.3125,0.3496,12.0000,27.5000,696.0,20305.3
worA0a-109M-13p1B-100k-bs64-lr300-baselinewt-g0e+00-s1,3.193,3.193,24.364,,,-,-,-,-,-,0.000,140.317,85.645,44.462,64.790,0.756,0.0486,28.2915,,-,0.000,140.317,85.645,44.462,64.790,0.756,7436.604,4197.734,-1011.233,0.933,0.743,-0.250,0.700,106.738,57.881,30.210,0.000,0.000,3238.866,-0.004,-5208.972,0.595,-0.014,-0.801,1.000,0.0486,28.2915,,,,,,,15.01,15166.88,0.10%,28.2500,3.2812,21.7500,0.6172,29.7500,47.2500,2752.0,20360.1
worA0a-109M-13p1B-100k-bs64-lr3000-baselinewt-g0e+00-s1,4.636,4.636,103.138,,,-,-,-,-,-,0.000,984.783,615.324,348.809,467.681,0.760,0.1893,1356.5469,,-,0.000,984.783,615.324,348.809,467.681,0.760,349506.062,218725.188,-25625.668,0.935,0.747,-0.119,0.699,736.183,409.719,199.240,0.002,0.000,130780.672,-0.251,-244351.109,0.531,-0.000,-0.762,1.000,0.1893,1356.5469,,,,,,,124.50,108777.84,0.11%,1360.0000,5.2500,712.0000,1.4453,1360.0000,1376.0000,2408448.0,20197.2
worA0e-109M-13p1B-100k-bs64-lr10-mulosswt-g1e-04-s1,3.173,3.173,23.881,,,-,-,-,-,-,0.105,5.668,2.882,1.396,1.878,0.652,-0.0639,-2.2103,,-,0.105,5.668,2.882,1.396,1.878,0.652,9.003,3.525,-3.656,0.925,0.632,-0.568,0.798,5.097,2.247,1.036,0.000,0.000,5.478,0.000,-7.181,0.743,-0.022,-0.837,1.000,-0.0639,-2.2103,,,,,,,1.95,454.06,0.43%,-2.2031,2.6406,6.1875,0.2334,5.6562,19.3750,296.0,20419.1
worA0e-109M-13p1B-100k-bs64-lr100-mulosswt-g1e-04-s1,3.165,3.165,23.699,,,-,-,-,-,-,0.000,453.781,38.300,13.906,11.410,0.298,0.0948,8.4093,,-,0.000,453.781,38.300,13.906,11.410,0.298,346.120,130.199,-2048.804,0.784,0.516,-0.402,1.064,458.415,34.281,12.941,0.000,0.000,215.920,-0.000,-2179.003,0.520,0.159,-0.667,1.000,0.0948,8.4093,,,,,,,6.44,13671.95,0.05%,8.3750,4.0312,19.1250,1.1875,16.5000,35.5000,1160.0,20434.1
worA0e-109M-13p1B-100k-bs64-lr1000-mulosswt-g1e-04-s1,3.219,3.219,25.010,,,-,-,-,-,-,0.000,503.313,169.704,93.021,10.058,0.059,-0.5540,-4.3472,,-,0.000,503.313,169.704,93.021,10.058,0.059,244.647,101.160,-322.516,0.138,0.066,-0.134,1.314,504.051,169.355,92.531,0.000,0.000,143.487,-0.000,-423.676,0.076,0.003,-0.188,1.000,-0.5540,-4.3472,,,,,,,62.90,20384.83,0.31%,-4.3438,2.8906,5.6875,0.7656,6.6250,20.1250,248.0,20258.9
worA0e-109M-13p1B-100k-bs64-lr3-mulosswt-g1e-04-s1,3.219,3.219,25.002,,,-,-,-,-,-,0.367,2.163,1.291,0.561,1.021,0.791,-0.1504,-4.0149,,-,0.367,2.163,1.291,0.561,1.021,0.791,1.944,1.042,-1.113,0.984,0.773,-0.737,1.108,2.524,0.822,0.404,0.000,0.000,0.902,0.000,-2.155,0.912,-0.003,-0.921,1.000,-0.1504,-4.0149,,,,,,,1.30,240.48,0.54%,-4.0000,2.3594,3.8281,0.1758,5.2188,16.1250,197.0,20406.0
worA0e-109M-13p1B-100k-bs64-lr30-mulosswt-g1e-04-s1,3.157,3.157,23.508,,,-,-,-,-,-,0.000,14.604,8.554,4.274,5.874,0.687,0.0256,1.5585,,-,0.000,14.604,8.554,4.274,5.874,0.687,69.083,34.510,-30.244,0.906,0.677,-0.628,0.937,14.146,6.322,2.814,0.000,0.000,34.574,-0.000,-64.754,0.605,-0.012,-0.873,1.000,0.0256,1.5585,,,,,,,3.26,1385.84,0.24%,1.5547,2.8281,20.8750,0.3516,16.2500,31.1250,840.0,20478.1
worA0e-109M-13p1B-100k-bs64-lr300-mulosswt-g1e-04-s1,3.188,3.188,24.248,,,-,-,-,-,-,0.000,680.713,78.300,34.976,13.373,0.171,-0.0036,-0.3579,,-,0.000,680.713,78.300,34.976,13.373,0.171,711.844,178.840,-115.533,0.450,0.196,-0.142,0.749,680.354,77.063,33.653,0.000,0.000,533.004,0.000,-294.373,0.240,-0.013,-0.349,1.000,-0.0036,-0.3579,,,,,,,14.09,21563.60,0.07%,-0.3809,3.7188,11.5000,1.0938,9.6250,28.3750,490.0,20410.5
worA0e-109M-13p1B-100k-bs64-lr3000-mulosswt-g1e-04-s1,3.295,3.295,26.971,,,-,-,-,-,-,0.000,660.017,347.136,166.245,4.802,0.014,-0.1618,-0.2181,,-,0.000,660.017,347.136,166.245,4.802,0.014,149.510,23.055,-218.685,0.062,0.013,-0.122,1.105,659.897,347.106,166.313,0.000,0.000,126.454,0.000,-241.740,0.048,-0.001,-0.135,1.000,-0.1618,-0.2181,,,,,,,130.74,17112.24,0.76%,-0.2178,2.6562,1.0703,0.4941,2.2188,17.5000,328.0,20374.5
worA0r-109M-13p1B-100k-bs64-lr10-mucenteringwt-g0e+00-s1,3.170,3.170,23.809,,,-,-,-,-,-,0.601,6.053,2.293,1.157,0.000,0.000,0.0454,0.0000,,-,0.601,6.053,2.293,1.157,0.000,0.000,0.000,0.000,-0.000,0.266,-0.003,-0.256,1.000,6.053,2.293,1.157,0.000,0.000,0.000,-0.000,-0.000,0.266,-0.003,-0.256,1.000,0.0454,0.0000,,,,,,,1.69,231.68,0.73%,0.0000,2.7500,0.0001,0.2949,2.1562,16.8750,330.0,20410.1
worA0r-109M-13p1B-100k-bs64-lr100-mucenteringwt-g0e+00-s1,3.167,3.167,23.737,,,-,-,-,-,-,0.000,58.290,21.560,11.041,0.000,0.000,0.0183,0.0000,,-,0.000,58.290,21.560,11.041,0.000,0.000,0.000,0.000,-0.000,0.162,-0.001,-0.184,1.000,58.290,21.560,11.041,0.000,0.000,0.000,-0.000,-0.000,0.162,-0.001,-0.184,1.000,0.0183,0.0000,,,,,,,12.67,2498.81,0.51%,0.0003,3.4062,0.0002,0.5117,2.6562,18.7500,370.0,20477.5
worA0r-109M-13p1B-100k-bs64-lr1000-mucenteringwt-g0e+00-s1,3.245,3.245,25.664,,,-,-,-,-,-,0.000,320.581,168.420,93.743,0.000,0.000,-0.1747,-0.0000,,-,0.000,320.581,168.420,93.743,0.000,0.000,0.005,0.000,-0.005,0.401,-0.009,-0.498,1.000,320.581,168.420,93.743,0.000,0.000,0.005,-0.000,-0.005,0.401,-0.009,-0.498,1.000,-0.1747,-0.0000,,,,,,,56.72,14572.48,0.39%,-0.0003,2.9531,0.0005,0.6914,2.2969,17.6250,356.0,20407.0
worA0r-109M-13p1B-100k-bs64-lr3-mucenteringwt-g0e+00-s1,3.217,3.217,24.960,,,-,-,-,-,-,0.926,2.526,0.865,0.406,0.000,0.000,-0.0110,-0.0000,,-,0.926,2.526,0.865,0.406,0.000,0.000,0.000,0.000,-0.000,0.152,0.000,-0.164,1.000,2.526,0.865,0.406,0.000,0.000,0.000,-0.000,-0.000,0.152,0.000,-0.164,1.000,-0.0110,-0.0000,,,,,,,1.35,86.26,1.56%,0.0000,2.4375,0.0000,0.1963,1.8906,16.2500,306.0,20528.1
worA0r-109M-13p1B-100k-bs64-lr30-mucenteringwt-g0e+00-s1,3.161,3.161,23.602,,,-,-,-,-,-,0.018,15.536,6.568,3.444,0.000,0.000,-0.0183,-0.0000,,-,0.018,15.536,6.568,3.444,0.000,0.000,0.000,0.000,-0.000,0.216,-0.004,-0.211,1.000,15.536,6.568,3.444,0.000,0.000,0.000,-0.000,-0.000,0.216,-0.004,-0.211,1.000,-0.0183,-0.0000,,,,,,,3.25,574.45,0.57%,0.0003,3.9844,0.0002,0.8711,3.0000,24.8750,372.0,20399.5
worA0r-109M-13p1B-100k-bs64-lr300-mucenteringwt-g0e+00-s1,3.209,3.209,24.762,,,-,-,-,-,-,0.000,114.491,55.572,31.276,0.000,0.000,-0.1220,-0.0000,,-,0.000,114.491,55.572,31.276,0.000,0.000,0.000,0.000,-0.000,0.173,0.001,-0.163,1.000,114.491,55.572,31.276,0.000,0.000,0.000,-0.000,-0.000,0.173,0.001,-0.163,1.000,-0.1220,-0.0000,,,,,,,33.05,4891.41,0.68%,0.0001,3.3125,0.0001,0.6289,2.5938,18.5000,374.0,20386.0
worA0r-109M-13p1B-100k-bs64-lr3000-mucenteringwt-g0e+00-s1,3.322,3.322,27.707,,,-,-,-,-,-,0.000,665.884,363.250,195.140,0.000,0.000,-0.2271,-0.0000,,-,0.000,665.884,363.250,195.140,0.000,0.000,0.011,0.000,-0.011,0.202,0.002,-0.253,1.000,665.884,363.250,195.140,0.000,0.000,0.011,-0.000,-0.011,0.202,0.002,-0.253,1.000,-0.2271,-0.0000,,,,,,,132.36,30604.61,0.43%,0.0002,2.7812,0.0003,0.4238,2.1562,17.0000,338.0,20504.6
worA0s-109M-13p1B-100k-bs64-lr10-softcappingwt-g3e+01-s1,3.170,3.170,23.801,,,-,-,-,-,-,0.126,6.332,3.037,1.276,2.217,0.730,-0.0637,-3.4274,,-,0.126,6.332,3.037,1.276,2.217,0.730,11.832,4.916,-6.292,0.954,0.702,-0.753,0.947,5.935,2.178,1.151,0.000,0.000,6.917,0.000,-11.207,0.857,-0.020,-0.916,1.000,-0.0637,-3.4274,,,,,,,1.84,540.20,0.34%,-3.4219,2.7188,2.8594,0.2656,4.1875,18.3750,266.0,20903.4
worA0s-109M-13p1B-100k-bs64-lr100-softcappingwt-g3e+01-s1,3.160,3.160,23.577,,,-,-,-,-,-,0.000,47.970,23.486,10.694,13.845,0.589,0.0058,0.7246,,-,0.000,47.970,23.486,10.694,13.845,0.589,581.709,191.676,-341.025,0.915,0.537,-0.680,0.916,46.859,19.797,10.296,0.000,0.000,390.033,0.000,-532.701,0.796,-0.031,-0.850,1.000,0.0058,0.7246,,,,,,,5.45,3729.78,0.15%,0.7227,3.5312,3.1250,0.6641,3.7031,24.1250,596.0,20995.0
worA0s-109M-13p1B-100k-bs64-lr1000-softcappingwt-g3e+01-s1,3.216,3.216,24.939,,,-,-,-,-,-,0.000,442.278,189.593,106.872,97.180,0.513,0.0106,2.2246,,-,0.000,442.278,189.593,106.872,97.180,0.513,32015.809,9444.041,-10787.041,0.810,0.484,-0.635,0.705,375.530,166.078,95.805,0.000,0.000,22571.770,-0.000,-20231.082,0.655,-0.027,-0.845,1.000,0.0106,2.2246,,,,,,,71.60,25291.41,0.28%,2.2188,3.8750,4.9375,0.8711,5.1562,28.5000,816.0,20791.3
worA0s-109M-13p1B-100k-bs64-lr3-softcappingwt-g3e+01-s1,3.216,3.216,24.927,,,-,-,-,-,-,0.363,2.255,1.308,0.505,1.055,0.806,-0.1626,-4.4410,,-,0.363,2.255,1.308,0.505,1.055,0.806,2.347,1.113,-1.224,0.990,0.786,-0.776,0.996,2.591,0.816,0.401,0.000,0.000,1.234,0.000,-2.337,0.964,-0.012,-0.932,1.000,-0.1626,-4.4410,,,,,,,1.17,250.54,0.47%,-4.4375,2.4688,2.3594,0.1992,4.8750,16.2500,202.0,20861.5
worA0s-109M-13p1B-100k-bs64-lr30-softcappingwt-g3e+01-s1,3.154,3.154,23.425,,,-,-,-,-,-,0.039,13.481,7.878,3.618,5.282,0.671,-0.0147,-1.7851,,-,0.039,13.481,7.878,3.618,5.282,0.671,64.097,27.904,-31.033,0.954,0.651,-0.733,0.920,13.427,5.991,2.770,0.000,0.000,36.193,0.000,-58.937,0.868,-0.015,-0.905,1.000,-0.0147,-1.7851,,,,,,,2.17,1266.68,0.17%,-1.7891,3.1094,2.6719,0.4316,3.4375,20.2500,380.0,20872.9
worA0s-109M-13p1B-100k-bs64-lr300-softcappingwt-g3e+01-s1,3.181,3.181,24.062,,,-,-,-,-,-,0.000,114.358,58.595,29.746,28.997,0.495,0.0130,1.7953,,-,0.000,114.358,58.595,29.746,28.997,0.495,2286.705,840.841,-1175.850,0.815,0.471,-0.607,0.882,100.088,51.768,29.509,0.000,0.000,1445.865,0.001,-2016.689,0.614,-0.025,-0.795,1.000,0.0130,1.7953,,,,,,,20.45,7396.27,0.28%,1.7891,4.0312,4.6250,0.8516,4.8438,28.0000,784.0,20879.4
worA0s-109M-13p1B-100k-bs64-lr3000-softcappingwt-g3e+01-s1,3.274,3.274,26.419,,,-,-,-,-,-,0.000,916.735,426.960,230.702,186.990,0.438,-0.0022,-0.3883,,-,0.000,916.735,426.960,230.702,186.990,0.438,103840.812,34965.242,-74529.641,0.872,0.422,-0.784,1.054,817.121,386.610,144.553,0.001,0.000,68875.562,-0.003,-109494.875,0.537,-0.010,-0.880,1.000,-0.0022,-0.3883,,,,,,,117.47,47507.05,0.25%,-0.3906,3.3750,3.5156,0.9219,3.3281,22.3750,528.0,20881.4
worA0z-109M-13p1B-100k-bs64-lr10-zlosswt-g1e-04-s1,3.173,3.173,23.874,,,-,-,-,-,-,0.060,7.090,3.594,1.899,2.802,0.780,-0.1839,-15.0996,,-,0.060,7.090,3.594,1.899,2.802,0.780,15.525,7.852,0.721,0.963,0.775,0.118,0.494,5.207,2.305,1.149,0.000,0.000,7.673,0.000,-7.131,0.806,-0.023,-0.790,1.000,-0.1839,-15.0996,,,,,,,2.33,644.46,0.36%,-15.1250,3.3750,4.2188,0.4023,15.1250,33.0000,18.8,20724.8
worA0z-109M-13p1B-100k-bs64-lr100-zlosswt-g1e-04-s1,3.161,3.161,23.593,,,-,-,-,-,-,0.000,58.465,36.128,17.931,29.644,0.821,-0.0542,-16.3656,,-,0.000,58.465,36.128,17.931,29.644,0.821,1502.411,878.769,176.495,0.946,0.817,0.263,0.467,41.178,21.290,12.413,0.000,0.000,623.639,-0.003,-702.277,0.659,-0.026,-0.806,1.000,-0.0542,-16.3656,,,,,,,7.58,6785.61,0.11%,-16.3750,3.6250,4.5938,0.7383,16.3750,34.5000,15.3,20700.3
worA0z-109M-13p1B-100k-bs64-lr1000-zlosswt-g1e-04-s1,3.255,3.255,25.919,,,-,-,-,-,-,0.000,585.229,369.304,232.043,320.176,0.867,-0.0062,-19.1940,,-,0.000,585.229,369.304,232.043,320.176,0.867,165676.281,102513.055,51143.375,0.957,0.864,0.599,0.381,337.648,190.336,97.106,0.002,0.000,63163.414,0.198,-51369.488,0.626,-0.020,-0.696,1.000,-0.0062,-19.1940,,,,,,,48.96,72881.22,0.07%,-19.2500,7.1250,5.1562,4.5312,19.2500,99.5000,11.1,20547.2
worA0z-109M-13p1B-100k-bs64-lr3-zlosswt-g1e-04-s1,3.218,3.218,24.980,,,-,-,-,-,-,0.280,2.685,1.558,0.771,1.292,0.829,-0.3066,-13.8736,,-,0.280,2.685,1.558,0.771,1.292,0.829,3.032,1.669,-0.209,0.987,0.823,-0.183,0.619,1.881,0.904,0.524,0.000,0.000,1.363,0.000,-1.878,0.903,-0.022,-0.858,1.000,-0.3066,-13.8736,,,,,,,1.43,297.63,0.48%,-13.8750,2.9375,4.0312,0.2969,13.8750,28.1250,23.9,20724.2
worA0z-109M-13p1B-100k-bs64-lr30-zlosswt-g1e-04-s1,3.155,3.155,23.444,,,-,-,-,-,-,0.000,18.525,11.116,5.097,8.954,0.806,-0.0989,-15.5861,,-,0.000,18.525,11.116,5.097,8.954,0.806,155.592,80.183,0.246,0.938,0.799,0.004,0.514,12.596,6.740,3.929,0.000,0.000,75.410,0.000,-79.937,0.795,-0.007,-0.854,1.000,-0.0989,-15.5861,,,,,,,6.17,2058.75,0.30%,-15.6250,3.7969,4.0312,0.5781,15.6250,36.2500,18.8,20634.3
worA0z-109M-13p1B-100k-bs64-lr300-zlosswt-g1e-04-s1,3.197,3.197,24.454,,,-,-,-,-,-,0.000,172.452,105.665,52.089,86.334,0.817,-0.0233,-16.7493,,-,0.000,172.452,105.665,52.089,86.334,0.817,13150.918,7453.521,1889.693,0.940,0.807,0.328,0.433,114.319,63.614,30.785,0.000,0.000,5697.380,-0.021,-5563.848,0.673,-0.013,-0.804,1.000,-0.0233,-16.7493,,,,,,,8.52,20029.72,0.04%,-16.7500,3.6250,5.0000,0.8008,16.7500,34.0000,14.7,20855.3
worA0z-109M-13p1B-100k-bs64-lr3000-zlosswt-g1e-04-s1,3.421,3.421,30.603,,,-,-,-,-,-,0.000,1421.936,1115.707,555.581,1038.375,0.931,-0.0025,-18.5321,,-,0.000,1421.936,1115.707,555.581,1038.375,0.931,1375626.000,1078222.500,472515.750,0.981,0.930,0.762,0.440,732.247,422.298,205.956,0.004,0.000,297403.781,0.214,-605706.562,0.509,-0.003,-0.886,1.000,-0.0025,-18.5321,,,,,,,34.97,234563.86,0.01%,-18.6250,4.0312,4.2500,1.6797,18.6250,52.2500,6.4,20571.8
worC0a-221M-13p1B-100k-bs64-lr10-baselinewt-g0e+00-s1,3.014,3.014,20.368,,,-,-,-,-,-,0.039,7.183,3.764,1.815,2.699,0.717,-0.0159,-0.9598,,-,0.039,7.183,3.764,1.815,2.699,0.717,16.699,7.282,-6.460,0.955,0.695,-0.679,0.823,6.217,2.726,1.598,0.000,0.000,9.417,0.000,-13.742,0.820,-0.018,-0.896,1.000,-0.0159,-0.9598,,,,,,,1.81,648.03,0.28%,-0.9609,2.7500,5.5312,0.2812,4.8125,19.3750,336.0,39355.7
worC0a-221M-13p1B-100k-bs64-lr100-baselinewt-g0e+00-s1,3.018,3.018,20.448,,,-,-,-,-,-,0.000,65.168,32.910,16.411,22.832,0.694,-0.0093,-1.7502,,-,0.000,65.168,32.910,16.411,22.832,0.694,1216.332,521.307,-405.203,0.912,0.672,-0.602,0.762,48.714,24.519,13.004,0.000,0.000,695.026,0.001,-926.509,0.693,-0.021,-0.884,1.000,-0.0093,-1.7502,,,,,,,7.03,5479.46,0.13%,-1.7500,3.0156,6.9062,0.4785,6.0938,21.0000,352.0,39345.2
worC0a-221M-13p1B-100k-bs64-lr1000-baselinewt-g0e+00-s1,3.159,3.159,23.539,,,-,-,-,-,-,0.000,451.477,262.755,143.692,171.090,0.651,0.0979,146.2850,,-,0.000,451.477,262.755,143.692,171.090,0.651,58192.918,29271.957,-9463.423,0.898,0.630,-0.311,0.666,368.655,204.030,107.573,0.000,0.000,28920.977,0.015,-38735.367,0.595,-0.010,-0.801,1.000,0.0979,146.2850,,,,,,,89.75,41038.41,0.22%,146.0000,4.5312,134.0000,2.2656,147.0000,166.0000,46080.0,39144.4
worC0a-221M-13p1B-100k-bs64-lr3-baselinewt-g0e+00-s1,3.051,3.051,21.127,,,-,-,-,-,-,0.316,2.771,1.376,0.607,1.057,0.768,-0.1360,-3.7551,,-,0.316,2.771,1.376,0.607,1.057,0.768,2.539,1.117,-1.265,0.983,0.746,-0.714,0.938,2.690,0.919,0.462,0.000,0.000,1.422,0.000,-2.382,0.916,-0.006,-0.913,1.000,-0.1360,-3.7551,,,,,,,1.08,251.80,0.43%,-3.7500,2.3438,4.3750,0.1660,5.2812,16.5000,214.0,39309.2
worC0a-221M-13p1B-100k-bs64-lr30-baselinewt-g0e+00-s1,3.003,3.003,20.150,,,-,-,-,-,-,0.000,26.015,13.196,5.450,10.645,0.807,-0.0077,-1.1514,,-,0.000,26.015,13.196,5.450,10.645,0.807,258.164,113.325,-94.171,0.944,0.789,-0.770,0.804,21.622,8.228,4.556,0.000,0.000,144.839,-0.000,-207.497,0.822,-0.016,-0.938,1.000,-0.0077,-1.1514,,,,,,,4.06,2506.48,0.16%,-1.1562,3.0781,10.1250,0.4258,8.3750,24.0000,440.0,39298.7
worC0a-221M-13p1B-100k-bs64-lr300-baselinewt-g0e+00-s1,3.081,3.081,21.782,,,-,-,-,-,-,0.000,142.602,89.390,49.419,60.677,0.679,0.1212,121.5723,,-,0.000,142.602,89.390,49.419,60.677,0.679,7223.648,3681.710,-1504.275,0.865,0.665,-0.393,0.718,112.151,67.021,36.066,0.001,0.000,3541.917,-0.021,-5186.006,0.642,-0.014,-0.827,1.000,0.1212,121.5723,,,,,,,30.55,14242.34,0.21%,121.5000,4.5312,70.5000,1.2656,122.0000,141.0000,25088.0,39283.0
worC0a-221M-13p1B-100k-bs64-lr3000-baselinewt-g0e+00-s1,4.674,4.674,107.174,,,-,-,-,-,-,0.000,1011.537,666.674,382.794,495.935,0.744,0.1807,1546.2561,,-,0.000,1011.537,666.674,382.794,495.935,0.744,376778.406,245951.453,-43241.801,0.930,0.734,-0.180,0.768,753.603,452.082,229.696,0.001,0.000,130826.727,-0.244,-289193.500,0.466,0.002,-0.781,1.000,0.1807,1546.2561,,,,,,,113.80,114475.02,0.10%,1544.0000,6.2812,552.0000,1.4297,1544.0000,1568.0000,2768896.0,39310.1
worC0e-221M-13p1B-100k-bs64-lr10-mulosswt-g1e-04-s1,3.014,3.014,20.373,,,-,-,-,-,-,0.032,8.269,3.885,1.780,2.974,0.766,-0.0270,-1.5903,,-,0.032,8.269,3.885,1.780,2.974,0.766,21.991,8.846,-10.191,0.945,0.749,-0.662,0.866,7.518,2.592,1.321,0.000,0.000,13.145,-0.000,-19.037,0.767,-0.014,-0.890,1.000,-0.0270,-1.5903,,,,,,,1.72,700.45,0.25%,-1.5938,2.5312,6.0312,0.2324,5.2500,18.6250,314.0,39279.5
worC0e-221M-13p1B-100k-bs64-lr100-mulosswt-g1e-04-s1,3.015,3.015,20.382,,,-,-,-,-,-,0.000,233.477,31.637,14.844,11.017,0.348,0.0521,8.4713,,-,0.000,233.477,31.637,14.844,11.017,0.348,220.335,121.373,-340.943,0.679,0.424,-0.287,1.356,235.187,29.049,12.402,0.000,0.000,98.963,0.000,-462.315,0.268,0.024,-0.621,1.000,0.0521,8.4713,,,,,,,7.73,7390.96,0.10%,8.4375,3.1719,10.2500,0.8516,10.7500,27.8750,868.0,39395.3
worC0e-221M-13p1B-100k-bs64-lr1000-mulosswt-g1e-04-s1,3.091,3.091,22.006,,,-,-,-,-,-,0.000,556.503,198.202,111.506,7.385,0.037,-0.7360,-4.7547,,-,0.000,556.503,198.202,111.506,7.385,0.037,206.906,54.536,-557.149,0.156,0.047,-0.171,1.098,557.550,197.998,111.622,0.000,0.000,152.370,0.000,-611.685,0.113,0.008,-0.204,1.000,-0.7360,-4.7547,,,,,,,57.10,21786.80,0.26%,-4.7500,2.7969,5.1875,1.3203,6.0000,19.5000,253.0,39257.6
worC0e-221M-13p1B-100k-bs64-lr3-mulosswt-g1e-04-s1,3.050,3.050,21.122,,,-,-,-,-,-,0.322,2.616,1.372,0.613,1.048,0.764,-0.1449,-4.0250,,-,0.322,2.616,1.372,0.613,1.048,0.764,2.342,1.098,-1.161,0.982,0.744,-0.690,0.964,2.638,0.920,0.480,0.000,0.000,1.244,0.000,-2.259,0.901,-0.007,-0.903,1.000,-0.1449,-4.0250,,,,,,,1.21,248.46,0.49%,-4.0312,2.3594,4.7188,0.1709,5.6250,16.8750,210.0,39221.1
worC0e-221M-13p1B-100k-bs64-lr30-mulosswt-g1e-04-s1,3.004,3.004,20.161,,,-,-,-,-,-,0.000,96.958,13.867,5.494,8.138,0.587,-0.0282,-2.4369,,-,0.000,96.958,13.867,5.494,8.138,0.587,160.296,66.220,-460.697,0.897,0.708,-0.701,1.144,101.923,10.119,4.131,0.000,0.000,94.076,-0.000,-526.917,0.700,0.107,-0.903,1.000,-0.0282,-2.4369,,,,,,,2.93,3189.16,0.09%,-2.4375,3.4375,9.8750,0.7734,8.5000,25.5000,394.0,39398.1
worC0e-221M-13p1B-100k-bs64-lr300-mulosswt-g1e-04-s1,3.040,3.040,20.899,,,-,-,-,-,-,0.000,359.409,74.893,39.109,13.874,0.185,-0.1787,-7.4559,,-,0.000,359.409,74.893,39.109,13.874,0.185,288.552,192.487,-28.154,0.349,0.208,-0.038,0.765,359.510,73.427,36.672,0.000,0.000,96.066,0.000,-220.641,0.095,0.001,-0.283,1.000,-0.1787,-7.4559,,,,,,,19.70,13824.58,0.14%,-7.4688,2.8438,9.5625,0.8516,10.7500,24.7500,262.0,39264.6
worC0e-221M-13p1B-100k-bs64-lr3000-mulosswt-g1e-04-s1,3.160,3.160,23.561,,,-,-,-,-,-,0.000,707.094,399.695,179.797,7.065,0.018,-0.6803,-1.2208,,-,0.000,707.094,399.695,179.797,7.065,0.018,222.116,49.914,-205.077,0.044,0.018,-0.070,1.148,706.815,399.635,179.751,0.000,0.000,172.203,0.000,-254.991,0.034,-0.001,-0.086,1.000,-0.6803,-1.2208,,,,,,,123.49,19114.94,0.65%,-1.2188,2.6094,4.5312,1.1094,4.0312,18.7500,352.0,39087.8
worC0r-221M-13p1B-100k-bs64-lr10-mucenteringwt-g0e+00-s1,3.016,3.016,20.406,,,-,-,-,-,-,0.514,6.602,2.691,1.579,0.000,0.000,-0.0039,-0.0000,,-,0.514,6.602,2.691,1.579,0.000,0.000,0.000,0.000,-0.000,0.192,-0.003,-0.193,1.000,6.602,2.691,1.579,0.000,0.000,0.000,-0.000,-0.000,0.192,-0.003,-0.193,1.000,-0.0039,-0.0000,,,,,,,1.81,272.82,0.66%,0.0000,2.7812,0.0001,0.2949,2.1562,17.3750,338.0,39462.8
worC0r-221M-13p1B-100k-bs64-lr100-mucenteringwt-g0e+00-s1,3.021,3.021,20.513,,,-,-,-,-,-,0.000,65.157,24.520,12.689,0.000,0.000,0.0454,0.0000,,-,0.000,65.157,24.520,12.689,0.000,0.000,0.000,0.000,-0.000,0.138,-0.001,-0.168,1.000,65.157,24.520,12.689,0.000,0.000,0.000,-0.000,-0.000,0.138,-0.001,-0.168,1.000,0.0454,0.0000,,,,,,,9.34,2410.62,0.39%,0.0002,3.1562,0.0003,0.5586,2.4219,18.7500,370.0,39297.1
worC0r-221M-13p1B-100k-bs64-lr1000-mucenteringwt-g0e+00-s1,3.109,3.109,22.400,,,-,-,-,-,-,0.000,340.606,190.961,108.505,0.000,0.000,-0.2018,-0.0000,,-,0.000,340.606,190.961,108.505,0.000,0.000,0.004,0.000,-0.004,0.235,-0.003,-0.241,1.000,340.606,190.961,108.505,0.000,0.000,0.004,-0.000,-0.004,0.235,-0.003,-0.241,1.000,-0.2018,-0.0000,,,,,,,69.81,14678.35,0.48%,-0.0003,2.8750,0.0004,1.3125,2.2188,18.3750,396.0,39310.1
worC0r-221M-13p1B-100k-bs64-lr3-mucenteringwt-g0e+00-s1,3.051,3.051,21.137,,,-,-,-,-,-,0.912,2.852,0.935,0.422,0.000,0.000,0.0288,0.0000,,-,0.912,2.852,0.935,0.422,0.000,0.000,0.000,0.000,-0.000,0.177,-0.000,-0.190,1.000,2.852,0.935,0.422,0.000,0.000,0.000,-0.000,-0.000,0.177,-0.000,-0.190,1.000,0.0288,0.0000,,,,,,,1.31,98.63,1.33%,0.0000,2.3906,0.0000,0.1982,1.8438,16.5000,312.0,39414.9
worC0r-221M-13p1B-100k-bs64-lr30-mucenteringwt-g0e+00-s1,3.007,3.007,20.236,,,-,-,-,-,-,0.007,19.609,7.770,4.444,0.000,0.000,0.0263,0.0000,,-,0.007,19.609,7.770,4.444,0.000,0.000,0.000,-0.000,-0.000,0.169,-0.003,-0.158,1.000,19.609,7.770,4.444,0.000,0.000,0.000,-0.000,-0.000,0.169,-0.003,-0.158,1.000,0.0263,0.0000,,,,,,,2.65,767.43,0.35%,0.0001,3.1250,0.0002,0.4141,2.4531,18.1250,364.0,39442.8
worC0r-221M-13p1B-100k-bs64-lr300-mucenteringwt-g0e+00-s1,3.077,3.077,21.692,,,-,-,-,-,-,0.000,125.775,66.202,37.829,0.000,0.000,-0.0572,-0.0000,,-,0.000,125.775,66.202,37.829,0.000,0.000,0.000,0.000,-0.000,0.142,0.001,-0.141,1.000,125.775,66.202,37.829,0.000,0.000,0.000,-0.000,-0.000,0.142,0.001,-0.141,1.000,-0.0572,-0.0000,,,,,,,22.88,5971.98,0.38%,0.0000,2.9062,0.0003,1.1797,2.2500,17.8750,390.0,39223.2
worC0r-221M-13p1B-100k-bs64-lr3000-mucenteringwt-g0e+00-s1,3.162,3.162,23.627,,,-,-,-,-,-,0.000,704.435,413.326,222.899,0.000,0.000,-0.2537,-0.0000,,-,0.000,704.435,413.326,222.899,0.000,0.000,0.031,-0.000,-0.025,0.311,-0.001,-0.289,1.000,704.435,413.326,222.899,0.000,0.000,0.031,-0.000,-0.025,0.311,-0.001,-0.289,1.000,-0.2537,-0.0000,,,,,,,112.59,33286.66,0.34%,-0.0001,2.6875,0.0002,0.5195,2.0781,17.2500,350.0,39484.0
worC0s-221M-13p1B-100k-bs64-lr10-softcappingwt-g3e+01-s1,3.008,3.008,20.257,,,-,-,-,-,-,0.178,6.473,2.970,1.585,1.762,0.593,0.0030,0.1369,,-,0.178,6.473,2.970,1.585,1.762,0.593,7.833,3.105,-5.013,0.927,0.576,-0.644,1.036,5.831,2.429,1.267,0.000,0.000,4.728,-0.000,-8.118,0.804,-0.012,-0.829,1.000,0.0030,0.1369,,,,,,,1.83,427.06,0.43%,0.1367,3.1250,3.6094,0.4297,3.7812,22.7500,516.0,39877.3
worC0s-221M-13p1B-100k-bs64-lr100-softcappingwt-g3e+01-s1,3.021,3.021,20.510,,,-,-,-,-,-,0.000,43.005,25.045,12.937,11.174,0.446,0.0109,2.0013,,-,0.000,43.005,25.045,12.937,11.174,0.446,313.881,124.869,-204.503,0.812,0.432,-0.609,1.049,41.542,22.584,13.356,0.000,0.000,189.012,0.000,-329.372,0.593,-0.011,-0.778,1.000,0.0109,2.0013,,,,,,,6.96,2772.83,0.25%,1.9922,3.7500,3.8438,0.6016,4.5938,27.3750,760.0,39831.4
worC0s-221M-13p1B-100k-bs64-lr1000-softcappingwt-g3e+01-s1,3.094,3.094,22.062,,,-,-,-,-,-,0.000,411.501,206.618,106.238,77.202,0.374,0.0045,1.0222,,-,0.000,411.501,206.618,106.238,77.202,0.374,20519.105,5960.156,-11570.069,0.804,0.347,-0.652,0.854,369.642,193.704,107.194,0.000,0.000,14558.950,0.001,-17530.227,0.683,-0.020,-0.800,1.000,0.0045,1.0222,,,,,,,73.50,21903.04,0.34%,1.0156,4.5000,5.3438,1.4609,4.9062,28.8750,832.0,39640.0
worC0s-221M-13p1B-100k-bs64-lr3-softcappingwt-g3e+01-s1,3.047,3.047,21.043,,,-,-,-,-,-,0.345,2.261,1.310,0.577,0.986,0.753,-0.1317,-3.9032,,-,0.345,2.261,1.310,0.577,0.986,0.753,2.041,0.972,-1.214,0.990,0.731,-0.760,1.071,2.648,0.896,0.483,0.000,0.000,1.069,-0.000,-2.186,0.961,-0.010,-0.911,1.000,-0.1317,-3.9032,,,,,,,1.10,235.61,0.47%,-3.9062,2.5000,2.2188,0.2168,4.3125,16.6250,231.0,39737.3
worC0s-221M-13p1B-100k-bs64-lr30-softcappingwt-g3e+01-s1,3.000,3.000,20.078,,,-,-,-,-,-,0.028,16.843,9.466,4.343,5.863,0.619,0.0044,0.4392,,-,0.028,16.843,9.466,4.343,5.863,0.619,76.455,34.378,-57.491,0.897,0.597,-0.787,1.202,18.109,7.608,4.008,0.000,0.000,42.077,0.000,-91.869,0.729,-0.019,-0.903,1.000,0.0044,0.4392,,,,,,,4.42,1425.95,0.31%,0.4375,3.9844,3.8438,0.6836,4.3438,25.8750,640.0,40001.9
worC0s-221M-13p1B-100k-bs64-lr300-softcappingwt-g3e+01-s1,3.034,3.034,20.771,,,-,-,-,-,-,0.000,112.543,60.445,33.380,18.918,0.313,-0.0016,-0.1888,,-,0.000,112.543,60.445,33.380,18.918,0.313,1330.986,357.895,-1259.162,0.780,0.284,-0.728,1.215,109.945,57.954,34.536,0.000,0.000,973.091,-0.000,-1617.057,0.619,-0.025,-0.806,1.000,-0.0016,-0.1888,,,,,,,13.05,5694.92,0.23%,-0.1924,3.7344,3.5000,0.9258,3.7812,24.6250,608.0,39805.8
worC0s-221M-13p1B-100k-bs64-lr3000-softcappingwt-g3e+01-s1,3.127,3.127,22.794,,,-,-,-,-,-,0.000,1020.615,453.044,163.716,101.804,0.225,0.0101,0.7405,,-,0.000,1020.615,453.044,163.716,101.804,0.225,60365.508,10364.029,-47429.137,0.790,0.209,-0.760,0.957,976.301,442.986,104.233,0.000,0.000,50001.469,-0.003,-57793.172,0.679,-0.014,-0.822,1.000,0.0101,0.7405,,,,,,,125.15,32939.84,0.38%,0.7383,3.6250,3.4062,1.0078,3.5156,25.7500,688.0,39897.9
worC0z-221M-13p1B-100k-bs64-lr10-zlosswt-g1e-04-s1,3.013,3.013,20.342,,,-,-,-,-,-,0.015,8.319,4.645,2.286,3.785,0.815,-0.1103,-16.1008,,-,0.015,8.319,4.645,2.286,3.785,0.815,25.888,14.326,0.438,0.969,0.808,0.046,0.536,5.935,2.790,1.469,0.000,0.000,11.562,0.000,-13.888,0.806,-0.018,-0.831,1.000,-0.1103,-16.1008,,,,,,,2.24,871.91,0.26%,-16.1250,3.6719,4.5000,0.6602,16.1250,34.7500,15.6,39807.4
worC0z-221M-13p1B-100k-bs64-lr100-zlosswt-g1e-04-s1,3.013,3.013,20.357,,,-,-,-,-,-,0.000,76.729,50.024,22.478,42.071,0.841,-0.0718,-17.3468,,-,0.000,76.729,50.024,22.478,42.071,0.841,2902.432,1770.003,228.156,0.935,0.838,0.187,0.531,50.556,27.777,16.054,0.000,0.000,1132.432,0.003,-1541.844,0.629,-0.014,-0.852,1.000,-0.0718,-17.3468,,,,,,,16.11,9578.22,0.17%,-17.3750,3.8281,4.9375,0.9766,17.3750,36.5000,10.9,39747.0
worC0z-221M-13p1B-100k-bs64-lr1000-zlosswt-g1e-04-s1,3.135,3.135,22.993,,,-,-,-,-,-,0.000,626.671,433.166,244.769,375.868,0.868,-0.0065,-21.4702,,-,0.000,626.671,433.166,244.769,375.868,0.868,207409.344,141277.094,68460.453,0.956,0.863,0.594,0.351,386.909,223.779,132.658,0.002,0.000,66132.297,0.055,-72816.586,0.598,-0.009,-0.771,1.000,-0.0065,-21.4702,,,,,,,138.97,85777.48,0.16%,-21.5000,16.1250,6.2500,14.6250,21.5000,183.0000,3.8,39377.9
worC0z-221M-13p1B-100k-bs64-lr3-zlosswt-g1e-04-s1,3.049,3.049,21.094,,,-,-,-,-,-,0.246,2.962,1.633,0.838,1.334,0.816,-0.2699,-14.0988,,-,0.246,2.962,1.633,0.838,1.334,0.816,3.557,1.778,-0.250,0.985,0.808,-0.168,0.570,2.015,0.988,0.550,0.000,0.000,1.778,0.000,-2.028,0.908,-0.032,-0.845,1.000,-0.2699,-14.0988,,,,,,,1.49,309.60,0.48%,-14.1250,3.0625,4.1562,0.3125,14.1250,29.7500,24.1,39827.5
worC0z-221M-13p1B-100k-bs64-lr30-zlosswt-g1e-04-s1,3.002,3.002,20.116,,,-,-,-,-,-,0.000,22.890,13.858,6.579,11.270,0.813,-0.1185,-16.5373,,-,0.000,22.890,13.858,6.579,11.270,0.813,231.314,127.003,-11.774,0.944,0.807,-0.142,0.600,15.900,8.306,4.345,0.000,0.000,104.311,-0.000,-138.777,0.716,-0.014,-0.863,1.000,-0.1185,-16.5373,,,,,,,4.89,2589.32,0.19%,-16.5000,3.5938,4.2188,0.6953,16.5000,35.2500,12.5,39598.9
worC0z-221M-13p1B-100k-bs64-lr300-zlosswt-g1e-04-s1,3.058,3.058,21.283,,,-,-,-,-,-,0.000,207.886,137.699,57.760,116.705,0.848,-0.0168,-16.9955,,-,0.000,207.886,137.699,57.760,116.705,0.848,22108.812,13620.016,3850.142,0.950,0.842,0.454,0.442,119.811,75.972,39.950,0.000,0.000,8488.793,-0.001,-9769.873,0.661,-0.013,-0.870,1.000,-0.0168,-16.9955,,,,,,,7.16,26754.20,0.03%,-17.0000,3.5469,6.3750,1.1328,17.0000,33.2500,12.4,39888.8
worC0z-221M-13p1B-100k-bs64-lr3000-zlosswt-g1e-04-s1,3.398,3.398,29.908,,,-,-,-,-,-,0.000,1416.976,1138.923,582.091,1047.126,0.919,-0.0016,-19.4087,,-,0.000,1416.976,1138.923,582.091,1047.126,0.919,1356717.000,1096474.500,474455.531,0.975,0.919,0.755,0.458,746.138,456.848,252.321,0.004,0.000,260243.453,0.753,-622018.250,0.422,-0.000,-0.859,1.000,-0.0016,-19.4087,,,,,,,42.32,236144.97,0.02%,-19.5000,4.8438,5.2812,2.1719,19.5000,90.0000,6.9,39613.5
