name,test_loss (~),test_loss,test_perplexity,lm-eval-avg-acc,lm-eval-avg-acc-std,-,-,-,-,-,I.isotropy,I.max norm,I.avg norm,I.min norm,I.mu norm,I.ratio norm,I.fhs_cos_sim,I.fhs_dot_prod,I.eb_cos_sim,-,O.isotropy,O.max norm,O.avg norm,O.min norm,O.mu norm,O.ratio norm,O.max aligndot,O.avg aligndot,O.min aligndot,O.max aligncos,O.avg aligncos,O.min aligncos,O.centering_ratio,OC.max norm,OC.avg norm,OC.min norm,OC.mu norm,OC.ratio norm,OC.max aligndot,OC.avg aligndot,OC.min aligndot,OC.max aligncos,OC.avg aligncos,OC.min aligncos,OC.centering_ratio,O.fhs_cos_sim,O.fhs_dot_prod,O.eb_cos_sim,O.eb_dot_sim,"O.corr_p(norm, lbp)","O.corr_s(norm, lbp)","O.corr_p(Emu, lbp)","O.corr_s(Emu, lbp)",O.Smin,O.Smax,O.Smin/Smax,O.logits_mean_mean,O.logits_mean_std,O.logits_std_mean,O.logits_std_std,O.logits_mean_absmean,O.logits_mean_absmax,H.mean_logsqZ,time
wor40A-16M-13p1B-100k-bs64-lr10-baseline-g0e+00-s1,3.881,3.881,48.461,,,-,-,-,-,-,0.887,3.486,2.836,0.891,0.146,0.051,-0.0312,-1.3925,-2.9,-,0.124,4.758,2.435,0.901,2.212,0.908,9.550,4.894,-2.914,0.987,0.897,-0.627,0.818,4.111,1.168,0.436,0.000,0.000,4.656,-0.000,-7.808,0.902,-0.047,-0.919,1.000,0.0733,0.2153,3.7,1.1,-0.693,-0.711,-0.731,-0.702,1.88,522.03,0.36%,-1.3906,2.8594,8.4375,0.2871,7.0000,20.8750,328.0,4879.6
wor40A-16M-13p1B-100k-bs64-lr100-baseline-g0e+00-s1,3.841,3.841,46.556,,,-,-,-,-,-,0.010,33.991,26.120,0.891,2.546,0.097,0.0717,16.5298,7.6,-,0.000,48.689,22.167,6.045,20.212,0.912,916.598,408.534,-163.161,0.987,0.903,-0.611,0.624,32.102,10.611,3.528,0.000,0.000,508.065,0.000,-571.694,0.916,-0.058,-0.958,1.000,-0.0188,-0.5444,9.8,1.8,-0.670,-0.694,-0.681,-0.669,6.00,4761.38,0.13%,16.5000,3.5312,22.2500,0.5352,23.3750,40.5000,1720.0,4872.2
wor40A-16M-13p1B-100k-bs64-lr1000-baseline-g0e+00-s1,4.269,4.269,71.421,,,-,-,-,-,-,0.000,371.815,213.487,0.891,31.882,0.149,0.2441,587.2798,39.0,-,0.000,290.653,200.094,165.417,187.225,0.936,46687.398,35053.105,23117.809,0.989,0.936,0.588,0.256,182.516,70.361,27.728,0.001,0.000,11634.312,0.020,-11935.277,0.646,-0.020,-0.544,1.000,0.0103,4.2131,17.2,-6.3,-0.486,-0.531,-0.596,-0.560,52.31,42230.91,0.12%,588.0000,4.6875,139.0000,0.9297,588.0000,604.0000,389120.0,4869.3
wor40A-16M-13p1B-100k-bs64-lr3-baseline-g0e+00-s1,3.961,3.961,52.487,,,-,-,-,-,-,0.959,1.597,1.288,0.826,0.049,0.038,-0.2179,-6.1413,10.7,-,0.206,2.960,1.546,0.487,1.435,0.928,4.083,2.058,-1.898,0.989,0.914,-0.751,0.969,3.075,0.682,0.271,0.000,0.000,2.024,0.000,-3.957,0.924,-0.040,-0.947,1.000,-0.0442,-0.0425,5.2,-0.2,-0.718,-0.685,-0.762,-0.697,1.81,338.57,0.54%,-6.1562,2.6094,6.1250,0.2178,7.7188,19.2500,156.0,4877.4
wor40A-16M-13p1B-100k-bs64-lr30-baseline-g0e+00-s1,3.850,3.850,46.982,,,-,-,-,-,-,0.651,10.177,7.953,0.891,0.417,0.052,0.0357,3.8401,10.8,-,0.003,12.475,6.334,2.196,5.806,0.917,65.271,33.709,-15.246,0.987,0.909,-0.538,0.750,9.615,2.880,1.076,0.000,0.000,31.562,0.000,-48.955,0.916,-0.055,-0.931,1.000,0.0445,0.3438,11.7,2.3,-0.723,-0.724,-0.757,-0.714,2.71,1359.49,0.20%,3.8438,3.0938,11.3125,0.3418,9.6875,25.1250,600.0,4872.5
wor40A-16M-13p1B-100k-bs64-lr300-baseline-g0e+00-s1,3.857,3.857,47.335,,,-,-,-,-,-,0.000,100.267,71.946,0.891,7.005,0.097,0.2085,92.7202,26.0,-,0.000,105.647,60.572,27.099,56.652,0.935,5782.925,3209.400,-589.797,0.988,0.929,-0.243,0.657,78.862,24.343,8.883,0.001,0.000,2573.507,-0.018,-3799.215,0.864,-0.021,-0.878,1.000,-0.0205,-1.1287,2.0,-0.1,-0.706,-0.702,-0.720,-0.689,17.35,13107.16,0.13%,92.5000,4.1250,27.7500,0.6055,92.5000,110.5000,13248.0,4878.3
wor40A-16M-13p1B-100k-bs64-lr3000-baseline-g0e+00-s1,5.065,5.065,158.342,,,-,-,-,-,-,nan,1955.780,585.728,0.891,85.914,0.147,0.3921,1151.2271,47.1,-,0.000,664.776,372.937,242.693,331.471,0.889,184674.969,109872.227,-10892.438,0.980,0.882,-0.083,0.654,538.735,179.093,68.483,0.002,0.000,74802.188,-0.531,-120765.172,0.637,-0.019,-0.696,1.000,-0.0610,-46.4143,6.6,-6.0,-0.519,-0.547,-0.638,-0.605,133.94,76985.88,0.17%,1152.0000,5.5625,568.0000,1.8359,1152.0000,1176.0000,1703936.0,4864.8
wor40E-16M-13p1B-100k-bs64-lr10-muloss-g1e-01-s1,3.881,3.881,48.482,,,-,-,-,-,-,0.860,3.610,2.837,0.891,0.147,0.052,-0.2504,-2.9806,8.0,-,0.000,22.560,1.792,0.525,0.430,0.240,0.347,0.185,-0.422,0.761,0.384,-0.147,1.438,22.583,1.702,0.395,0.000,0.000,0.162,0.000,-0.607,0.279,0.019,-0.485,1.000,-0.0893,-0.3633,5.6,-3.1,-0.505,-0.379,0.256,-0.202,1.69,738.86,0.23%,-2.9844,2.6250,5.9375,0.3711,5.7812,18.7500,244.0,4888.3
wor40E-16M-13p1B-100k-bs64-lr100-muloss-g1e-01-s1,3.838,3.838,46.436,,,-,-,-,-,-,0.008,33.777,26.170,0.891,2.490,0.095,-0.5562,-1.3019,7.2,-,0.000,33.868,7.456,2.146,0.286,0.038,0.382,0.082,-0.355,0.149,0.041,-0.197,1.144,33.863,7.450,2.196,0.000,0.000,0.300,0.000,-0.437,0.108,-0.004,-0.283,1.000,-0.0332,-0.6758,14.5,9.4,-0.498,-0.332,-0.375,-0.201,5.26,1415.16,0.37%,-1.3047,2.7969,1.4062,0.4434,2.6875,17.2500,270.0,4891.5
wor40E-16M-13p1B-100k-bs64-lr1000-muloss-g1e-01-s1,3.837,3.837,46.363,,,-,-,-,-,-,0.000,386.604,220.302,0.891,35.697,0.162,-0.9330,-0.2519,49.1,-,0.000,298.341,63.535,18.943,0.124,0.002,0.568,0.015,-0.276,0.038,-0.001,-0.054,0.973,298.340,63.535,18.947,0.000,0.000,0.553,0.000,-0.291,0.036,-0.003,-0.058,1.000,-0.1228,-9.5599,12.0,8.3,-0.531,-0.366,-0.532,-0.404,28.09,14318.66,0.20%,-0.2539,3.0938,0.2500,0.6562,2.3906,19.1250,324.0,4905.8
wor40E-16M-13p1B-100k-bs64-lr3-muloss-g1e-01-s1,3.961,3.961,52.488,,,-,-,-,-,-,0.958,1.548,1.288,0.819,0.049,0.038,-0.4436,-4.7633,7.6,-,0.403,16.686,1.216,0.415,0.435,0.358,0.345,0.189,-0.971,0.850,0.562,-0.239,1.195,16.750,1.067,0.276,0.000,0.000,0.156,0.000,-1.160,0.343,0.071,-0.637,1.000,-0.0226,-0.0274,15.9,-4.4,-0.489,-0.305,0.343,-0.220,2.01,509.52,0.39%,-4.7500,2.4531,4.3750,0.2441,5.7188,17.1250,167.0,4882.9
wor40E-16M-13p1B-100k-bs64-lr30-muloss-g1e-01-s1,3.848,3.848,46.879,,,-,-,-,-,-,0.558,11.027,7.958,0.891,0.428,0.054,-0.5784,-4.1221,15.4,-,0.000,41.247,2.987,0.875,0.363,0.122,0.366,0.132,-0.443,0.372,0.182,-0.158,1.297,41.260,2.951,0.830,0.000,0.000,0.234,0.000,-0.575,0.179,0.012,-0.321,1.000,-0.0124,-0.1045,15.5,12.6,-0.502,-0.478,0.257,-0.141,2.92,1171.97,0.25%,-4.1250,2.9219,3.1562,0.4551,4.8438,20.3750,190.0,4905.0
wor40E-16M-13p1B-100k-bs64-lr300-muloss-g1e-01-s1,3.838,3.838,46.444,,,-,-,-,-,-,0.000,100.615,74.715,0.891,7.454,0.100,-0.6699,-0.4559,28.5,-,0.000,76.481,19.356,7.217,0.159,0.008,0.468,0.025,-0.390,0.086,0.007,-0.139,0.946,76.483,19.356,7.223,0.000,0.000,0.442,-0.000,-0.415,0.079,-0.003,-0.153,1.000,-0.0282,-0.8959,13.8,7.7,-0.518,-0.386,-0.067,-0.067,13.30,3163.49,0.42%,-0.4570,3.1562,0.3262,0.7305,2.4375,19.6250,314.0,4904.7
wor40E-16M-13p1B-100k-bs64-lr3000-muloss-g1e-01-s1,3.845,3.845,46.779,,,-,-,-,-,-,nan,1799.829,571.865,0.891,85.835,0.150,-0.7087,-0.0195,48.2,-,0.000,245.394,86.708,36.036,0.043,0.000,0.445,0.002,-0.344,0.058,-0.002,-0.048,0.996,245.394,86.708,36.038,0.000,0.000,0.444,-0.000,-0.346,0.057,-0.002,-0.049,1.000,-0.0394,-2.1669,14.1,7.5,0.219,0.202,0.213,0.232,53.20,8491.20,0.63%,-0.0198,3.0312,0.0596,0.6680,2.3125,18.6250,326.0,4900.1
wor40R-16M-13p1B-100k-bs64-lr10-mucentering-g0e+00-s1,3.881,3.881,48.483,,,-,-,-,-,-,0.865,3.712,2.836,0.891,0.145,0.051,0.1305,0.0000,5.1,-,0.662,4.170,1.173,0.398,0.000,0.000,0.000,0.000,-0.000,0.353,0.001,-0.378,1.000,4.170,1.173,0.398,0.000,0.000,0.000,-0.000,-0.000,0.353,0.001,-0.378,1.000,0.0090,0.0243,10.2,9.0,-0.086,-0.140,0.456,0.391,1.97,201.37,0.98%,0.0000,2.8125,0.0002,0.2988,2.2031,15.7500,298.0,4905.7
wor40R-16M-13p1B-100k-bs64-lr100-mucentering-g0e+00-s1,3.842,3.842,46.598,,,-,-,-,-,-,0.007,33.749,26.140,0.891,2.526,0.097,0.0691,0.0000,8.2,-,0.000,27.298,8.467,3.041,0.000,0.000,0.000,0.000,-0.000,0.250,-0.001,-0.275,1.000,27.298,8.467,3.041,0.000,0.000,0.000,-0.000,-0.000,0.250,-0.001,-0.275,1.000,-0.0376,-0.8472,13.6,14.4,-0.059,-0.164,0.197,0.145,8.41,1128.22,0.75%,0.0003,3.5156,0.0003,0.5352,2.7344,20.0000,340.0,4896.1
wor40R-16M-13p1B-100k-bs64-lr1000-mucentering-g0e+00-s1,3.844,3.844,46.725,,,-,-,-,-,-,0.000,382.994,216.532,0.891,33.397,0.154,-0.3247,-0.0000,44.9,-,0.000,182.792,63.898,19.952,0.000,0.000,0.003,0.000,-0.003,0.611,-0.007,-0.578,1.000,182.792,63.898,19.952,0.000,0.000,0.003,-0.000,-0.003,0.611,-0.007,-0.578,1.000,-0.0083,-0.3225,15.6,12.7,-0.049,-0.193,-0.250,-0.221,48.86,11108.76,0.44%,-0.0001,3.9844,0.0005,0.6836,3.1094,21.7500,366.0,4901.7
wor40R-16M-13p1B-100k-bs64-lr3-mucentering-g0e+00-s1,3.962,3.962,52.570,,,-,-,-,-,-,0.958,1.573,1.288,0.779,0.048,0.038,-0.0838,-0.0000,5.6,-,0.878,2.988,0.677,0.263,0.000,0.000,0.000,-0.000,-0.000,0.366,-0.004,-0.357,1.000,2.988,0.677,0.263,0.000,0.000,0.000,-0.000,-0.000,0.366,-0.004,-0.357,1.000,-0.0752,-0.0684,9.7,4.7,0.129,0.004,-0.748,-0.712,1.81,111.48,1.62%,0.0000,2.5938,0.0001,0.1992,2.0156,15.3750,284.0,4909.4
wor40R-16M-13p1B-100k-bs64-lr30-mucentering-g0e+00-s1,3.850,3.850,46.986,,,-,-,-,-,-,0.748,10.234,7.948,0.891,0.389,0.049,-0.0193,-0.0000,1.6,-,0.117,10.760,3.074,1.122,0.000,0.000,0.000,0.000,-0.000,0.413,0.018,-0.393,1.000,10.760,3.074,1.122,0.000,0.000,0.000,-0.000,-0.000,0.413,0.018,-0.393,1.000,0.1762,0.7783,8.7,6.8,-0.133,-0.244,0.737,0.694,4.16,479.24,0.87%,0.0002,3.1875,0.0003,0.3730,2.5000,17.0000,318.0,4895.3
wor40R-16M-13p1B-100k-bs64-lr300-mucentering-g0e+00-s1,3.843,3.843,46.672,,,-,-,-,-,-,0.000,97.756,71.858,0.891,7.429,0.103,0.0624,0.0000,27.0,-,0.000,74.391,26.040,9.361,0.000,0.000,0.000,0.000,-0.000,0.386,0.009,-0.353,1.000,74.391,26.040,9.361,0.000,0.000,0.000,-0.000,-0.000,0.386,0.009,-0.353,1.000,-0.0158,-0.4482,10.0,8.1,-0.062,-0.190,0.717,0.694,16.90,4025.11,0.42%,0.0005,3.6875,0.0005,0.6484,2.8750,19.0000,360.0,4898.4
wor40R-16M-13p1B-100k-bs64-lr3000-mucentering-g0e+00-s1,3.842,3.842,46.612,,,-,-,-,-,-,nan,1976.636,575.978,0.891,79.676,0.138,-0.3752,-0.0000,42.9,-,0.000,522.906,168.351,59.314,0.000,0.000,0.021,0.000,-0.018,0.534,0.012,-0.523,1.000,522.906,168.351,59.314,0.000,0.000,0.021,-0.000,-0.018,0.534,0.012,-0.523,1.000,-0.0103,-0.4309,13.7,11.3,0.069,-0.039,0.597,0.565,102.35,31521.08,0.32%,0.0002,3.4062,0.0010,0.9609,2.6562,17.8750,360.0,4907.6
wor40Z-16M-13p1B-100k-bs64-lr10-zloss-g1e-04-s1,3.878,3.878,48.349,,,-,-,-,-,-,0.878,3.468,2.836,0.891,0.148,0.052,-0.1706,-14.3073,12.1,-,0.039,5.662,3.094,1.021,2.967,0.959,16.085,8.806,-0.451,0.995,0.958,-0.112,0.576,3.676,1.054,0.368,0.000,0.000,7.279,-0.000,-9.257,0.947,-0.078,-0.951,1.000,-0.0819,-0.3419,16.7,-7.7,-0.690,-0.685,-0.709,-0.689,1.94,683.33,0.28%,-14.3125,3.0938,3.9219,0.3613,14.3125,29.1250,17.0,5185.6
wor40Z-16M-13p1B-100k-bs64-lr100-zloss-g1e-04-s1,3.836,3.836,46.343,,,-,-,-,-,-,0.023,32.612,26.133,0.891,2.465,0.094,-0.0634,-15.6689,-0.6,-,0.000,45.146,26.094,8.886,24.368,0.934,1045.681,593.785,83.670,0.987,0.934,0.343,0.488,30.058,10.208,3.935,0.000,0.000,451.895,-0.001,-510.115,0.891,-0.065,-0.943,1.000,-0.0104,-0.2606,22.3,-0.7,-0.666,-0.676,-0.646,-0.631,6.85,5580.54,0.12%,-15.6875,3.6562,4.5000,0.5938,15.6875,34.2500,15.2,5176.1
wor40Z-16M-13p1B-100k-bs64-lr1000-zloss-g1e-04-s1,3.854,3.854,47.176,,,-,-,-,-,-,0.000,339.051,223.376,0.891,30.158,0.135,-0.0092,-18.7609,48.4,-,0.000,446.828,277.878,167.071,272.040,0.979,115129.297,74005.438,37787.137,0.995,0.979,0.766,0.357,208.334,69.366,27.122,0.002,0.000,41123.457,-0.404,-36218.703,0.895,-0.064,-0.890,1.000,0.0247,5.5562,20.0,-11.2,-0.550,-0.513,-0.564,-0.514,26.20,61882.54,0.04%,-18.8750,4.8438,5.3438,2.3281,18.8750,46.2500,14.8,5182.5
wor40Z-16M-13p1B-100k-bs64-lr3-zloss-g1e-04-s1,3.961,3.961,52.524,,,-,-,-,-,-,0.958,1.571,1.288,0.827,0.050,0.039,-0.3124,-13.2920,6.6,-,0.201,3.064,1.746,0.600,1.647,0.943,4.826,2.713,-0.802,0.990,0.939,-0.406,0.728,2.398,0.685,0.271,0.000,0.000,2.112,-0.000,-3.515,0.923,-0.072,-0.939,1.000,0.0768,0.0989,10.2,-3.9,-0.651,-0.598,-0.686,-0.608,1.78,382.13,0.47%,-13.3125,2.9688,3.9688,0.3223,13.3125,26.8750,24.6,5184.7
wor40Z-16M-13p1B-100k-bs64-lr30-zloss-g1e-04-s1,3.848,3.848,46.923,,,-,-,-,-,-,0.696,10.169,7.958,0.891,0.451,0.057,-0.1257,-14.9826,11.1,-,0.000,14.964,7.767,2.964,7.040,0.906,99.236,49.567,-3.366,0.987,0.905,-0.091,0.533,10.514,3.610,1.402,0.000,0.000,49.669,0.000,-52.933,0.879,-0.061,-0.942,1.000,-0.0685,-0.5233,5.7,-0.2,-0.649,-0.665,-0.616,-0.615,3.49,1634.26,0.21%,-15.0000,3.6250,4.2500,0.4863,15.0000,33.5000,18.4,5177.2
wor40Z-16M-13p1B-100k-bs64-lr300-zloss-g1e-04-s1,3.841,3.841,46.560,,,-,-,-,-,-,0.000,104.626,73.290,0.891,7.242,0.099,-0.0450,-16.6759,26.8,-,0.000,144.809,82.057,27.775,78.836,0.961,10975.678,6215.061,1376.521,0.993,0.961,0.532,0.441,78.293,27.118,9.858,0.001,0.000,4760.640,0.023,-4838.518,0.910,-0.063,-0.969,1.000,0.1234,4.2004,18.2,-1.4,-0.622,-0.614,-0.621,-0.602,18.24,18080.36,0.10%,-16.7500,3.9375,4.4062,0.6836,16.7500,37.2500,14.0,5191.1
wor40Z-16M-13p1B-100k-bs64-lr3000-zloss-g1e-04-s1,3.955,3.955,52.173,,,-,-,-,-,-,nan,2026.407,602.672,0.891,87.123,0.145,-0.0055,-17.7191,46.5,-,0.000,1217.672,851.008,481.307,841.050,0.988,1011092.375,707367.000,370055.375,0.998,0.988,0.882,0.334,450.458,173.018,55.301,0.007,0.000,303726.625,1.291,-337310.312,0.905,-0.041,-0.948,1.000,0.0871,28.8308,27.4,-7.7,-0.577,-0.556,-0.583,-0.558,44.47,190778.09,0.02%,-17.8750,4.0938,4.8438,1.6641,17.8750,38.7500,12.9,5178.6
wor60A-29M-13p1B-100k-bs64-lr10-baseline-g0e+00-s1,3.614,3.614,37.131,,,-,-,-,-,-,0.958,3.832,3.284,0.885,0.085,0.026,-0.0226,-1.1187,1.5,-,0.090,5.083,2.561,0.997,2.137,0.835,9.297,4.568,-3.024,0.982,0.822,-0.600,0.817,4.202,1.501,0.555,0.000,0.000,4.730,-0.000,-7.592,0.895,-0.024,-0.904,1.000,0.0094,0.0186,8.2,2.8,-0.719,-0.738,-0.751,-0.701,2.13,504.18,0.42%,-1.1172,2.8594,5.0312,0.3340,4.6875,18.8750,298.0,7696.2
wor60A-29M-13p1B-100k-bs64-lr100-baseline-g0e+00-s1,3.592,3.592,36.293,,,-,-,-,-,-,0.003,38.324,30.590,0.885,2.909,0.095,0.0686,17.3337,23.4,-,0.000,44.252,22.442,9.375,19.942,0.889,828.395,397.685,-209.151,0.975,0.874,-0.534,0.733,37.123,11.547,5.719,0.000,0.000,430.711,0.001,-606.835,0.836,-0.030,-0.902,1.000,-0.0407,-1.5008,10.1,2.2,-0.662,-0.649,-0.694,-0.634,6.25,4701.56,0.13%,17.3750,3.4219,12.6250,0.5039,18.6250,35.5000,1440.0,7685.4
wor60A-29M-13p1B-100k-bs64-lr1000-baseline-g0e+00-s1,4.298,4.298,73.586,,,-,-,-,-,-,0.000,800.633,257.087,0.885,29.371,0.114,0.4114,891.6216,45.9,-,0.000,311.344,213.186,167.242,192.094,0.901,51672.215,36900.184,21217.324,0.978,0.901,0.514,0.304,201.815,93.648,40.669,0.001,0.000,14772.062,0.030,-15682.824,0.584,-0.016,-0.494,1.000,0.0562,18.6119,25.8,1.6,-0.475,-0.505,-0.601,-0.553,112.79,43457.97,0.26%,892.0000,6.7500,167.0000,2.4219,892.0000,912.0000,864256.0,7669.8
wor60A-29M-13p1B-100k-bs64-lr3-baseline-g0e+00-s1,3.688,3.688,39.960,,,-,-,-,-,-,0.972,1.588,1.386,0.885,0.033,0.024,-0.1216,-4.1993,5.0,-,0.286,2.732,1.491,0.531,1.331,0.892,3.446,1.770,-1.622,0.985,0.875,-0.747,0.984,2.836,0.753,0.313,0.000,0.000,1.676,-0.000,-3.393,0.910,-0.014,-0.932,1.000,0.0536,0.0457,6.9,-3.0,-0.690,-0.691,-0.736,-0.685,1.51,314.01,0.48%,-4.1875,2.4844,5.8750,0.1904,6.3438,17.7500,202.0,7695.6
wor60A-29M-13p1B-100k-bs64-lr30-baseline-g0e+00-s1,3.591,3.591,36.262,,,-,-,-,-,-,0.408,11.153,9.389,0.885,0.624,0.066,0.0714,6.3660,3.4,-,0.013,11.889,6.698,2.683,5.885,0.879,61.795,34.633,-22.428,0.977,0.866,-0.587,0.923,11.296,3.499,1.581,0.000,0.000,27.161,0.000,-57.061,0.831,-0.028,-0.903,1.000,-0.0580,-0.5487,9.9,5.7,-0.671,-0.664,-0.732,-0.673,3.49,1378.89,0.25%,6.3750,2.9688,11.9375,0.3691,11.3125,26.8750,724.0,7663.2
wor60A-29M-13p1B-100k-bs64-lr300-baseline-g0e+00-s1,3.596,3.596,36.468,,,-,-,-,-,-,0.000,147.382,80.556,0.885,9.338,0.116,0.2439,89.3324,42.1,-,0.000,126.587,71.594,37.340,63.188,0.883,7387.735,3992.767,392.671,0.973,0.872,0.137,0.487,80.679,36.565,16.821,0.000,0.000,3394.961,-0.006,-3600.102,0.776,-0.010,-0.807,1.000,0.0405,2.1900,17.0,5.6,-0.464,-0.475,-0.437,-0.428,31.54,14752.25,0.21%,89.5000,3.7969,33.7500,0.7930,89.5000,107.5000,12864.0,7679.2
wor60A-29M-13p1B-100k-bs64-lr3000-baseline-g0e+00-s1,5.107,5.107,165.194,,,-,-,-,-,-,nan,3005.457,621.862,0.885,71.680,0.115,0.5792,1354.6710,53.2,-,0.000,679.004,386.949,289.364,321.511,0.831,164068.406,103369.312,31314.455,0.951,0.830,0.203,0.439,520.806,217.972,113.299,0.001,0.000,60699.355,0.262,-72054.578,0.509,-0.019,-0.455,1.000,0.0880,45.9089,17.6,0.7,-0.400,-0.416,-0.611,-0.588,130.73,73487.28,0.18%,1352.0000,5.4688,398.0000,1.9375,1352.0000,1376.0000,2056192.0,7653.2
wor60E-29M-13p1B-100k-bs64-lr10-muloss-g1e-01-s1,3.613,3.613,37.082,,,-,-,-,-,-,0.950,3.922,3.283,0.885,0.084,0.025,-0.4438,-4.7362,-4.7,-,0.000,27.568,2.061,0.645,0.397,0.193,0.321,0.158,-1.040,0.610,0.318,-0.280,1.152,27.609,1.987,0.511,0.000,0.000,0.163,0.000,-1.198,0.268,0.043,-0.507,1.000,0.0418,0.0939,12.3,4.3,-0.499,-0.345,0.349,-0.239,2.33,848.58,0.27%,-4.7500,2.5156,3.6094,0.2871,5.4688,16.7500,172.0,7703.5
wor60E-29M-13p1B-100k-bs64-lr100-muloss-g1e-01-s1,3.588,3.588,36.165,,,-,-,-,-,-,0.003,38.921,30.583,0.885,2.834,0.093,0.0898,0.2198,25.4,-,0.000,90.376,11.649,4.093,0.291,0.025,0.449,0.084,-0.389,0.090,0.029,-0.105,1.054,90.373,11.646,4.093,0.000,0.000,0.365,0.000,-0.474,0.064,-0.003,-0.146,1.000,0.0393,0.9382,20.8,9.4,-0.481,-0.283,-0.407,-0.175,3.62,2997.23,0.12%,0.2197,2.6719,4.5000,0.4316,4.2500,19.1250,344.0,7702.4
wor60E-29M-13p1B-100k-bs64-lr1000-muloss-g1e-01-s1,3.591,3.591,36.272,,,-,-,-,-,-,0.000,881.280,250.620,0.885,37.233,0.149,-0.8945,-0.3640,42.3,-,0.000,185.475,76.866,35.504,0.144,0.002,0.267,0.021,-0.263,0.018,0.001,-0.024,1.061,185.475,76.866,35.506,0.000,0.000,0.246,-0.000,-0.284,0.016,-0.001,-0.028,1.000,0.0094,0.9839,21.5,19.1,-0.430,-0.251,-0.375,-0.343,43.68,10669.42,0.41%,-0.3633,2.9219,0.3926,0.9258,2.3125,17.1250,332.0,7709.9
wor60E-29M-13p1B-100k-bs64-lr3-muloss-g1e-01-s1,3.687,3.687,39.944,,,-,-,-,-,-,0.973,1.605,1.386,0.885,0.033,0.024,-0.4158,-5.0862,2.2,-,0.000,18.488,1.323,0.433,0.399,0.302,0.286,0.159,-0.773,0.857,0.477,-0.242,1.206,18.534,1.212,0.228,0.000,0.000,0.126,0.000,-0.932,0.268,0.050,-0.568,1.000,-0.0059,-0.0060,8.6,-8.2,-0.493,-0.338,0.338,-0.184,1.61,565.19,0.28%,-5.0938,2.3906,4.4688,0.2793,6.1562,17.2500,163.0,7716.5
wor60E-29M-13p1B-100k-bs64-lr30-muloss-g1e-01-s1,3.586,3.586,36.101,,,-,-,-,-,-,0.365,11.141,9.392,0.885,0.627,0.067,-0.7061,-7.6281,22.1,-,0.226,25.273,3.293,1.297,0.494,0.150,0.422,0.244,-0.028,0.324,0.177,-0.011,0.645,25.268,3.249,1.233,0.000,0.000,0.178,0.000,-0.272,0.074,-0.002,-0.155,1.000,0.0300,0.4110,25.3,19.4,-0.491,-0.310,-0.280,-0.201,3.66,767.10,0.48%,-7.6250,2.7969,4.5000,0.3691,7.9688,21.1250,127.5,7703.8
wor60E-29M-13p1B-100k-bs64-lr300-muloss-g1e-01-s1,3.578,3.578,35.815,,,-,-,-,-,-,0.000,122.641,87.123,0.885,10.137,0.116,-0.8843,-0.8330,41.4,-,0.000,101.366,27.292,10.529,0.197,0.007,0.277,0.039,-0.279,0.043,0.007,-0.055,1.139,101.365,27.292,10.531,0.000,0.000,0.238,-0.000,-0.318,0.037,-0.001,-0.066,1.000,-0.0854,-4.1366,21.9,18.2,-0.524,-0.405,-0.200,-0.087,18.40,4447.73,0.41%,-0.8359,2.9844,0.5117,0.6523,2.4531,17.2500,306.0,7761.8
wor60E-29M-13p1B-100k-bs64-lr3000-muloss-g1e-01-s1,3.604,3.604,36.741,,,-,-,-,-,-,nan,2966.020,622.517,0.885,67.995,0.109,-0.6176,-0.0075,50.0,-,0.000,363.573,152.678,79.016,0.030,0.000,0.316,0.001,-0.283,0.042,-0.001,-0.040,0.997,363.572,152.678,79.016,0.000,0.000,0.316,-0.000,-0.284,0.042,-0.001,-0.040,1.000,0.0144,0.3954,23.6,19.2,0.066,0.017,0.208,0.219,76.82,12426.46,0.62%,-0.0077,2.8906,0.0359,1.9688,2.2031,18.1250,400.0,7684.6
wor60R-29M-13p1B-100k-bs64-lr10-mucentering-g0e+00-s1,3.613,3.613,37.089,,,-,-,-,-,-,0.956,3.801,3.284,0.885,0.083,0.025,-0.1116,-0.0000,-5.5,-,0.529,4.772,1.496,0.575,0.000,0.000,0.000,0.000,-0.000,0.242,-0.007,-0.251,1.000,4.772,1.496,0.575,0.000,0.000,0.000,-0.000,-0.000,0.242,-0.007,-0.251,1.000,-0.0531,-0.0829,10.6,7.9,-0.130,-0.190,-0.374,-0.305,1.94,229.35,0.85%,0.0000,2.8281,0.0001,0.3145,2.2031,16.1250,308.0,7725.5
wor60R-29M-13p1B-100k-bs64-lr100-mucentering-g0e+00-s1,3.587,3.587,36.141,,,-,-,-,-,-,0.004,38.301,30.578,0.885,2.916,0.095,-0.0103,-0.0000,24.4,-,0.000,35.902,12.373,5.039,0.000,0.000,0.000,0.000,-0.000,0.208,-0.004,-0.209,1.000,35.902,12.373,5.039,0.000,0.000,0.000,-0.000,-0.000,0.208,-0.004,-0.209,1.000,0.0001,0.0020,15.4,11.8,-0.095,-0.240,-0.531,-0.541,9.42,1712.26,0.55%,0.0001,3.2656,0.0003,0.5117,2.5625,17.6250,342.0,7700.7
wor60R-29M-13p1B-100k-bs64-lr1000-mucentering-g0e+00-s1,3.594,3.594,36.369,,,-,-,-,-,-,0.000,797.524,253.464,0.885,37.889,0.149,-0.2065,-0.0000,48.5,-,0.000,237.949,97.450,37.395,0.000,0.000,0.011,0.000,-0.008,0.603,0.008,-0.618,1.000,237.949,97.450,37.395,0.000,0.000,0.011,-0.000,-0.008,0.603,0.008,-0.618,1.000,0.0781,2.4868,19.9,15.5,0.121,-0.051,0.610,0.555,44.51,16114.13,0.28%,-0.0001,3.0938,0.0010,1.1250,2.4219,17.5000,360.0,7723.0
wor60R-29M-13p1B-100k-bs64-lr3-mucentering-g0e+00-s1,3.688,3.688,39.963,,,-,-,-,-,-,0.973,1.635,1.386,0.885,0.033,0.024,-0.0206,-0.0000,2.4,-,0.894,2.829,0.750,0.279,0.000,0.000,0.000,0.000,-0.000,0.301,0.004,-0.265,1.000,2.829,0.750,0.279,0.000,0.000,0.000,-0.000,-0.000,0.301,0.004,-0.265,1.000,-0.0293,-0.0234,12.6,8.9,0.106,-0.088,0.724,0.707,1.61,108.38,1.49%,0.0000,2.5469,0.0001,0.2070,1.9766,15.6250,290.0,7722.5
wor60R-29M-13p1B-100k-bs64-lr30-mucentering-g0e+00-s1,3.586,3.586,36.093,,,-,-,-,-,-,0.477,11.000,9.394,0.885,0.632,0.067,0.0033,0.0000,10.3,-,0.081,13.163,3.670,1.437,0.000,0.000,0.000,-0.000,-0.000,0.216,0.001,-0.248,1.000,13.163,3.670,1.437,0.000,0.000,0.000,-0.000,-0.000,0.216,0.001,-0.248,1.000,0.0477,0.3415,12.6,10.2,-0.091,-0.157,0.421,0.344,2.92,497.28,0.59%,0.0001,3.0625,0.0002,0.3438,2.3906,17.1250,326.0,7711.1
wor60R-29M-13p1B-100k-bs64-lr300-mucentering-g0e+00-s1,3.582,3.582,35.930,,,-,-,-,-,-,0.000,117.227,82.448,0.885,9.448,0.115,-0.0008,-0.0000,45.0,-,0.000,73.821,31.607,14.931,0.000,0.000,0.000,0.000,-0.000,0.339,0.010,-0.357,1.000,73.821,31.607,14.931,0.000,0.000,0.000,-0.000,-0.000,0.339,0.010,-0.357,1.000,-0.0143,-0.4463,27.1,24.8,-0.070,-0.234,0.476,0.498,23.52,4195.19,0.56%,0.0003,3.8125,0.0003,0.6523,2.9844,19.3750,370.0,7705.5
wor60R-29M-13p1B-100k-bs64-lr3000-mucentering-g0e+00-s1,3.599,3.599,36.571,,,-,-,-,-,-,nan,2995.109,624.561,0.885,69.060,0.111,-0.3136,-0.0000,47.9,-,0.000,553.281,216.093,99.143,0.000,0.000,0.048,0.000,-0.059,0.574,-0.015,-0.611,1.000,553.281,216.093,99.143,0.000,0.000,0.048,-0.000,-0.059,0.574,-0.015,-0.611,1.000,-0.0295,-0.7826,14.4,8.8,0.062,-0.036,-0.667,-0.631,125.75,33834.80,0.37%,0.0001,3.0625,0.0002,1.0078,2.3906,17.1250,348.0,7705.7
wor60Z-29M-13p1B-100k-bs64-lr10-zloss-g1e-04-s1,3.613,3.613,37.062,,,-,-,-,-,-,0.954,3.796,3.284,0.885,0.084,0.026,-0.1496,-14.0607,12.2,-,0.018,7.119,3.885,1.293,3.663,0.943,24.855,13.417,0.727,0.990,0.942,0.131,0.511,4.235,1.474,0.697,0.000,0.000,11.439,0.000,-12.690,0.881,-0.060,-0.941,1.000,-0.0242,-0.0519,14.6,-1.6,-0.676,-0.684,-0.687,-0.679,2.29,840.72,0.27%,-14.0625,3.1875,4.0938,0.4082,14.0625,30.3750,22.1,7986.4
wor60Z-29M-13p1B-100k-bs64-lr100-zloss-g1e-04-s1,3.586,3.586,36.092,,,-,-,-,-,-,0.005,39.445,30.586,0.885,2.925,0.096,-0.0866,-15.8550,24.1,-,0.000,57.500,29.795,10.834,27.157,0.911,1450.064,737.524,86.704,0.977,0.910,0.223,0.491,37.300,13.352,6.026,0.000,0.000,712.539,-0.002,-650.821,0.855,-0.057,-0.917,1.000,-0.0690,-1.3604,14.5,-3.3,-0.626,-0.668,-0.618,-0.632,7.57,6248.95,0.12%,-15.8750,3.8750,4.4375,0.6836,15.8750,37.5000,15.4,7991.8
wor60Z-29M-13p1B-100k-bs64-lr1000-zloss-g1e-04-s1,3.599,3.599,36.567,,,-,-,-,-,-,0.000,797.872,244.721,0.885,35.756,0.146,-0.0247,-18.4302,38.0,-,0.000,422.916,260.329,160.193,246.578,0.947,98307.719,60800.301,28068.828,0.988,0.945,0.611,0.382,207.832,94.942,40.817,0.002,0.000,37507.141,-0.271,-32731.746,0.773,-0.052,-0.815,1.000,0.0790,8.5523,15.5,-12.0,-0.282,-0.292,-0.271,-0.260,43.09,56554.59,0.08%,-18.5000,3.8906,5.0312,0.9688,18.5000,41.5000,11.4,8002.5
wor60Z-29M-13p1B-100k-bs64-lr3-zloss-g1e-04-s1,3.687,3.687,39.944,,,-,-,-,-,-,0.973,1.604,1.386,0.885,0.033,0.024,-0.2600,-13.3369,-1.4,-,0.173,3.172,1.905,0.715,1.789,0.939,5.396,3.199,-0.628,0.991,0.936,-0.322,0.709,2.384,0.744,0.270,0.000,0.000,2.197,0.000,-3.827,0.900,-0.055,-0.924,1.000,0.0072,0.0068,11.4,-1.6,-0.666,-0.648,-0.705,-0.661,1.75,411.37,0.43%,-13.3125,2.9375,4.1875,0.3184,13.3750,27.0000,25.5,7993.0
wor60Z-29M-13p1B-100k-bs64-lr30-zloss-g1e-04-s1,3.585,3.585,36.062,,,-,-,-,-,-,0.337,11.691,9.399,0.885,0.664,0.071,-0.1171,-14.8717,21.6,-,0.000,16.786,9.078,3.711,8.267,0.911,129.899,68.340,7.940,0.981,0.909,0.229,0.474,9.672,4.136,2.094,0.000,0.000,61.559,0.000,-60.400,0.864,-0.063,-0.932,1.000,0.0284,0.2902,17.1,0.6,-0.613,-0.656,-0.599,-0.606,4.81,1907.33,0.25%,-14.8750,3.7031,4.2812,0.5273,14.8750,34.7500,19.8,7996.5
wor60Z-29M-13p1B-100k-bs64-lr300-zloss-g1e-04-s1,3.580,3.580,35.866,,,-,-,-,-,-,0.000,120.924,84.961,0.885,9.785,0.115,-0.0390,-15.9339,44.7,-,0.000,161.420,89.086,36.689,78.424,0.880,10043.541,6150.363,1692.581,0.985,0.882,0.510,0.444,119.592,43.039,15.722,0.001,0.000,3893.201,0.023,-4457.758,0.793,-0.021,-0.904,1.000,-0.0315,-1.6059,24.9,0.2,-0.649,-0.675,-0.598,-0.576,12.64,17949.44,0.07%,-15.9375,3.7812,5.2500,0.7227,16.0000,35.5000,19.8,7992.6
wor60Z-29M-13p1B-100k-bs64-lr3000-zloss-g1e-04-s1,3.606,3.606,36.831,,,-,-,-,-,-,nan,3012.456,609.449,0.885,71.109,0.117,-0.0725,-17.0664,51.2,-,0.000,1404.026,1023.925,713.836,1003.867,0.980,1374948.750,1007750.375,684693.625,0.995,0.980,0.904,0.267,481.851,224.800,103.820,0.005,0.000,367199.812,1.539,-323055.188,0.830,-0.035,-0.906,1.000,-0.0208,-0.3464,25.1,-0.8,-0.614,-0.628,-0.607,-0.623,155.23,226572.73,0.07%,-17.1250,3.1875,5.3125,0.9883,17.1250,32.0000,13.1,7982.9
wor80A-57M-13p1B-100k-bs64-lr10-baseline-g0e+00-s1,3.387,3.387,29.582,,,-,-,-,-,-,0.807,4.495,3.938,0.893,0.207,0.052,-0.1104,-3.6016,-0.7,-,0.137,4.773,2.422,1.222,1.865,0.770,7.299,3.478,-2.415,0.963,0.756,-0.472,0.807,4.199,1.615,0.756,0.000,0.000,3.820,0.000,-5.894,0.807,-0.029,-0.813,1.000,0.0368,0.1331,15.3,0.4,-0.621,-0.644,-0.711,-0.656,2.11,442.03,0.48%,-3.6094,2.7500,9.3750,0.3047,8.2500,21.8750,298.0,12918.5
wor80A-57M-13p1B-100k-bs64-lr100-baseline-g0e+00-s1,3.369,3.369,29.051,,,-,-,-,-,-,0.002,51.747,36.570,0.893,3.969,0.109,0.0092,2.3677,39.9,-,0.000,51.836,23.466,9.269,18.563,0.791,844.393,344.588,-221.065,0.957,0.775,-0.626,0.670,37.924,15.362,8.111,0.000,0.000,499.804,-0.001,-565.654,0.784,-0.051,-0.909,1.000,-0.0342,-1.8732,25.3,8.2,-0.593,-0.667,-0.666,-0.682,5.96,4441.11,0.13%,2.3594,3.6250,11.6875,0.5547,9.2500,27.3750,612.0,12894.6
wor80A-57M-13p1B-100k-bs64-lr1000-baseline-g0e+00-s1,3.614,3.614,37.115,,,-,-,-,-,-,0.000,1350.422,285.147,0.893,31.755,0.111,0.1692,273.9658,42.6,-,0.000,351.676,183.497,89.659,144.418,0.787,43723.438,20856.580,-8059.846,0.952,0.771,-0.373,0.661,243.688,119.661,52.131,0.000,0.000,22866.873,0.014,-28916.410,0.796,-0.037,-0.824,1.000,-0.0001,-0.0427,25.5,4.8,-0.579,-0.591,-0.706,-0.655,74.39,34318.95,0.22%,274.0000,5.0000,378.0000,3.2812,274.0000,294.0000,233472.0,12888.2
wor80A-57M-13p1B-100k-bs64-lr3-baseline-g0e+00-s1,3.442,3.442,31.262,,,-,-,-,-,-,0.980,1.733,1.536,0.893,0.033,0.022,-0.0849,-2.3931,-9.7,-,0.335,2.475,1.299,0.522,1.114,0.857,2.455,1.240,-1.121,0.979,0.839,-0.687,0.962,2.484,0.737,0.348,0.000,0.000,1.215,0.000,-2.361,0.894,-0.036,-0.905,1.000,0.0037,0.0031,5.6,-3.2,-0.609,-0.603,-0.695,-0.626,1.46,265.49,0.55%,-2.3906,2.4844,6.0938,0.1934,5.7500,18.3750,264.0,12809.6
wor80A-57M-13p1B-100k-bs64-lr30-baseline-g0e+00-s1,3.372,3.372,29.123,,,-,-,-,-,-,0.383,13.898,11.360,0.893,0.947,0.083,-0.0049,-0.4181,30.5,-,0.013,15.534,7.656,3.414,6.368,0.832,86.063,40.547,-27.504,0.956,0.818,-0.596,0.791,12.472,4.573,2.393,0.000,0.000,45.515,0.000,-68.051,0.770,-0.042,-0.883,1.000,-0.0121,-0.1553,15.7,1.6,-0.669,-0.681,-0.728,-0.686,3.15,1504.74,0.21%,-0.4199,3.0312,11.1875,0.3945,9.3125,24.7500,460.0,12853.0
wor80A-57M-13p1B-100k-bs64-lr300-baseline-g0e+00-s1,3.397,3.397,29.868,,,-,-,-,-,-,0.000,194.530,100.948,0.893,10.867,0.108,0.0559,89.7254,43.3,-,0.000,158.844,89.809,42.738,79.721,0.888,11651.559,6355.395,-642.276,0.975,0.880,-0.155,0.601,101.636,44.919,23.214,0.001,0.000,5296.184,0.022,-6997.648,0.769,-0.032,-0.871,1.000,0.0105,2.3026,21.4,-3.4,-0.570,-0.559,-0.626,-0.575,22.35,18479.48,0.12%,89.5000,4.2188,62.5000,1.4844,90.0000,108.5000,16064.0,12856.3
wor80A-57M-13p1B-100k-bs64-lr3000-baseline-g0e+00-s1,6.050,6.050,423.930,,,-,-,-,-,-,0.000,2419.036,630.541,0.893,64.127,0.102,0.4772,1852.6667,52.5,-,0.000,730.704,449.563,315.394,359.240,0.799,195701.906,129052.680,17168.318,0.939,0.796,0.099,0.572,571.364,274.856,136.820,0.002,0.000,66648.719,-0.514,-111884.906,0.452,-0.013,-0.579,1.000,-0.0731,-50.6623,22.6,6.1,-0.454,-0.489,-0.630,-0.607,118.41,82487.25,0.14%,1856.0000,6.0312,346.0000,2.4531,1856.0000,1880.0000,3653632.0,12781.8
wor80E-57M-13p1B-100k-bs64-lr10-muloss-g1e-01-s1,3.386,3.386,29.559,,,-,-,-,-,-,0.808,4.495,3.938,0.893,0.206,0.052,-0.4317,-3.7612,9.1,-,0.000,27.005,2.262,0.785,0.376,0.166,0.375,0.142,-0.659,0.460,0.246,-0.157,1.215,27.032,2.211,0.703,0.000,0.000,0.234,0.000,-0.800,0.169,0.022,-0.347,1.000,0.0538,0.2563,12.8,5.3,-0.499,-0.375,0.303,-0.252,2.36,824.75,0.29%,-3.7656,2.7031,3.9844,0.8516,5.0625,23.2500,215.0,12972.9
wor80E-57M-13p1B-100k-bs64-lr100-muloss-g1e-01-s1,3.368,3.368,29.024,,,-,-,-,-,-,0.002,50.980,36.733,0.893,4.014,0.109,-0.4138,-0.4418,33.1,-,0.000,28.530,12.626,6.321,0.184,0.015,0.428,0.034,-0.388,0.115,0.014,-0.132,0.986,28.537,12.625,6.325,0.000,0.000,0.394,0.000,-0.422,0.104,-0.002,-0.147,1.000,-0.0327,-0.7594,24.5,20.4,-0.331,-0.164,0.020,-0.071,10.15,1128.88,0.90%,-0.4414,2.9375,0.5781,0.5117,2.3281,18.5000,322.0,12987.6
wor80E-57M-13p1B-100k-bs64-lr1000-muloss-g1e-01-s1,3.402,3.402,30.026,,,-,-,-,-,-,0.000,1164.563,286.108,0.893,31.652,0.111,-0.9459,-0.2223,40.0,-,0.000,190.409,91.045,36.075,0.136,0.001,0.247,0.019,-0.391,0.012,0.001,-0.026,1.048,190.408,91.045,36.077,0.000,0.000,0.228,0.000,-0.409,0.010,-0.001,-0.027,1.000,-0.0230,-1.2534,27.9,26.2,0.213,0.103,-0.116,-0.017,35.18,4874.57,0.72%,-0.2227,2.7812,0.6758,1.5781,2.2031,17.3750,384.0,12934.1
wor80E-57M-13p1B-100k-bs64-lr3-muloss-g1e-01-s1,3.442,3.442,31.241,,,-,-,-,-,-,0.977,1.717,1.536,0.893,0.033,0.022,-0.3380,-3.5413,-12.2,-,0.000,13.862,1.119,0.449,0.385,0.344,0.243,0.148,-0.336,0.830,0.486,-0.264,1.441,13.892,1.014,0.283,0.000,0.000,0.095,0.000,-0.484,0.261,0.023,-0.558,1.000,-0.0236,-0.0215,15.3,3.5,-0.486,-0.276,0.190,-0.281,1.59,420.75,0.38%,-3.5469,2.3438,4.2188,0.4082,4.9688,16.5000,206.0,12955.6
wor80E-57M-13p1B-100k-bs64-lr30-muloss-g1e-01-s1,3.368,3.368,29.024,,,-,-,-,-,-,0.193,13.768,11.346,0.893,0.929,0.082,-0.5855,-2.9471,24.8,-,0.286,27.104,4.434,2.205,0.296,0.067,0.295,0.088,-0.249,0.168,0.080,-0.080,1.141,27.114,4.422,2.204,0.000,0.000,0.207,0.000,-0.337,0.092,0.004,-0.139,1.000,-0.0122,-0.1929,27.2,23.8,-0.495,-0.307,0.274,0.005,4.03,871.45,0.46%,-2.9375,3.2344,1.6250,0.8945,3.7656,21.3750,245.0,12905.0
wor80E-57M-13p1B-100k-bs64-lr300-muloss-g1e-01-s1,3.372,3.372,29.140,,,-,-,-,-,-,0.000,189.368,100.830,0.893,11.294,0.112,-0.8079,-0.8256,42.6,-,0.000,58.593,29.091,14.768,0.224,0.008,0.253,0.050,-0.226,0.029,0.007,-0.029,1.090,58.591,29.090,14.770,0.000,0.000,0.203,0.000,-0.276,0.022,-0.001,-0.040,1.000,0.0759,3.9186,32.5,29.3,0.113,0.064,0.040,0.042,6.03,1224.83,0.49%,-0.8242,2.9531,2.8750,0.7422,3.2969,19.2500,330.0,12918.1
wor80E-57M-13p1B-100k-bs64-lr3000-muloss-g1e-01-s1,3.467,3.467,32.051,,,-,-,-,-,-,0.000,1239.704,499.192,0.893,61.568,0.123,-0.9173,-0.0115,50.3,-,0.000,439.529,213.913,114.217,0.032,0.000,0.227,0.001,-0.365,0.019,-0.001,-0.045,1.003,439.528,213.913,114.217,0.000,0.000,0.226,-0.000,-0.366,0.019,-0.001,-0.045,1.000,-0.0520,-1.2545,24.2,22.1,0.094,-0.015,-0.009,0.074,102.42,15264.27,0.67%,-0.0115,2.7812,0.0249,1.3516,2.1250,17.3750,366.0,12852.0
wor80R-57M-13p1B-100k-bs64-lr10-mucentering-g0e+00-s1,3.387,3.387,29.583,,,-,-,-,-,-,0.803,4.518,3.938,0.893,0.205,0.052,-0.0149,-0.0000,13.8,-,0.596,5.376,1.782,0.748,0.000,0.000,0.000,0.000,-0.000,0.222,-0.008,-0.209,1.000,5.376,1.782,0.748,0.000,0.000,0.000,-0.000,-0.000,0.222,-0.008,-0.209,1.000,-0.0713,-0.3213,12.9,8.9,-0.057,-0.118,-0.594,-0.580,1.46,248.59,0.59%,0.0000,2.9375,0.0001,0.3242,2.2812,17.0000,324.0,12954.0
wor80R-57M-13p1B-100k-bs64-lr100-mucentering-g0e+00-s1,3.366,3.366,28.959,,,-,-,-,-,-,0.000,52.026,36.782,0.893,4.081,0.111,0.0650,0.0000,42.9,-,0.000,48.847,17.235,8.262,0.000,0.000,0.000,0.000,-0.000,0.188,-0.001,-0.177,1.000,48.847,17.235,8.262,0.000,0.000,0.000,-0.000,-0.000,0.188,-0.001,-0.177,1.000,-0.0171,-0.4614,20.9,16.7,-0.155,-0.309,-0.236,-0.119,9.14,2322.69,0.39%,0.0001,3.4062,0.0002,0.5312,2.6562,18.3750,366.0,12934.0
wor80R-57M-13p1B-100k-bs64-lr1000-mucentering-g0e+00-s1,3.397,3.397,29.868,,,-,-,-,-,-,0.000,1375.244,286.703,0.893,30.458,0.106,-0.1701,-0.0000,46.9,-,0.000,255.641,117.821,56.461,0.000,0.000,0.005,0.000,-0.004,0.479,0.019,-0.452,1.000,255.641,117.821,56.461,0.000,0.000,0.005,-0.000,-0.004,0.479,0.019,-0.452,1.000,-0.0398,-1.5955,19.4,16.3,-0.021,-0.070,0.628,0.561,28.15,14651.30,0.19%,0.0005,3.3906,0.0005,1.9766,2.6250,19.5000,424.0,12874.7
wor80R-57M-13p1B-100k-bs64-lr3-mucentering-g0e+00-s1,3.443,3.443,31.296,,,-,-,-,-,-,0.976,1.740,1.535,0.893,0.033,0.022,-0.0484,-0.0000,-2.6,-,0.896,2.719,0.739,0.353,0.000,0.000,0.000,-0.000,-0.000,0.172,-0.001,-0.184,1.000,2.719,0.739,0.353,0.000,0.000,0.000,-0.000,-0.000,0.172,-0.001,-0.184,1.000,0.0488,0.0390,9.0,4.0,0.138,0.049,-0.312,-0.320,1.52,106.01,1.44%,0.0000,2.5000,0.0000,0.2080,1.9375,15.9375,298.0,12919.5
wor80R-57M-13p1B-100k-bs64-lr30-mucentering-g0e+00-s1,3.368,3.368,29.014,,,-,-,-,-,-,0.207,13.887,11.355,0.893,0.913,0.080,0.1036,0.0000,19.6,-,0.076,14.336,4.826,2.248,0.000,0.000,0.000,-0.000,-0.000,0.257,-0.005,-0.273,1.000,14.336,4.826,2.248,0.000,0.000,0.000,-0.000,-0.000,0.257,-0.005,-0.273,1.000,0.0507,0.5909,22.6,18.1,-0.044,-0.159,-0.298,-0.337,3.02,563.23,0.54%,0.0002,3.4219,0.0003,0.4277,2.6562,20.0000,350.0,12905.8
wor80R-57M-13p1B-100k-bs64-lr300-mucentering-g0e+00-s1,3.379,3.379,29.328,,,-,-,-,-,-,0.000,206.160,96.546,0.893,10.967,0.114,0.0258,0.0000,41.8,-,0.000,94.923,43.478,18.068,0.000,0.000,0.000,0.000,-0.000,0.203,0.001,-0.206,1.000,94.923,43.478,18.068,0.000,0.000,0.000,-0.000,-0.000,0.203,0.001,-0.206,1.000,0.0051,0.3674,13.8,8.8,-0.054,-0.161,0.178,0.108,9.60,6231.46,0.15%,0.0005,3.3125,0.0011,0.7109,2.5625,18.2500,364.0,12944.1
wor80R-57M-13p1B-100k-bs64-lr3000-mucentering-g0e+00-s1,3.466,3.466,32.003,,,-,-,-,-,-,0.000,1423.581,583.270,0.893,98.671,0.169,-0.2604,-0.0000,52.5,-,0.000,575.508,271.372,134.272,0.000,0.000,0.023,0.000,-0.017,0.460,0.011,-0.384,1.000,575.508,271.372,134.272,0.000,0.000,0.023,-0.000,-0.017,0.460,0.011,-0.384,1.000,-0.1300,-4.2870,13.5,6.7,0.028,-0.030,0.588,0.583,141.62,35725.38,0.40%,-0.0001,3.0312,0.0003,1.2266,2.3594,17.6250,368.0,12874.6
wor80Z-57M-13p1B-100k-bs64-lr10-zloss-g1e-04-s1,3.385,3.385,29.513,,,-,-,-,-,-,0.801,4.500,3.940,0.893,0.214,0.054,-0.1985,-14.7252,16.2,-,0.028,8.030,3.612,1.583,3.021,0.836,21.867,9.128,0.793,0.975,0.833,0.150,0.583,5.860,2.083,0.923,0.000,0.000,12.739,-0.000,-8.335,0.827,-0.045,-0.859,1.000,0.0368,0.1938,21.4,9.0,-0.597,-0.630,-0.572,-0.556,2.68,702.03,0.38%,-14.7500,3.6406,3.9062,0.5273,14.7500,35.2500,19.9,13148.1
wor80Z-57M-13p1B-100k-bs64-lr100-zloss-g1e-04-s1,3.366,3.366,28.961,,,-,-,-,-,-,0.000,51.205,36.749,0.893,4.031,0.110,-0.0397,-15.6443,33.8,-,0.000,53.553,30.617,13.691,27.076,0.884,1312.249,733.093,123.276,0.964,0.881,0.300,0.465,31.369,15.023,8.344,0.000,0.000,579.155,-0.001,-609.818,0.752,-0.023,-0.865,1.000,-0.0066,-0.3894,28.0,-6.2,-0.628,-0.611,-0.604,-0.558,7.09,6201.09,0.11%,-15.6875,3.9375,4.9062,0.7656,15.6875,36.2500,20.4,13158.5
wor80Z-57M-13p1B-100k-bs64-lr1000-zloss-g1e-04-s1,3.452,3.452,31.560,,,-,-,-,-,-,0.000,1331.578,265.394,0.893,30.041,0.113,-0.0053,-19.9937,37.1,-,0.000,496.374,345.916,211.585,328.517,0.950,156168.531,107923.562,54428.613,0.986,0.948,0.722,0.343,227.456,119.401,55.752,0.002,0.000,48244.793,-0.180,-53495.125,0.772,-0.012,-0.845,1.000,0.0118,4.0551,20.3,-6.6,-0.257,-0.246,-0.247,-0.218,28.86,74760.16,0.04%,-20.0000,5.5625,5.8438,2.1094,20.0000,68.0000,8.8,13172.0
wor80Z-57M-13p1B-100k-bs64-lr3-zloss-g1e-04-s1,3.442,3.442,31.241,,,-,-,-,-,-,0.980,1.728,1.536,0.893,0.033,0.022,-0.2794,-13.6764,-7.9,-,0.181,3.344,1.740,0.744,1.588,0.913,5.033,2.523,-0.361,0.988,0.908,-0.227,0.573,2.182,0.808,0.305,0.000,0.000,2.510,0.000,-2.884,0.897,-0.074,-0.887,1.000,0.0025,0.0026,7.9,1.1,-0.561,-0.554,-0.611,-0.571,1.54,369.72,0.42%,-13.6875,3.1250,3.9375,0.3379,13.6875,29.0000,23.8,13217.5
wor80Z-57M-13p1B-100k-bs64-lr30-zloss-g1e-04-s1,3.367,3.367,28.988,,,-,-,-,-,-,0.344,13.834,11.362,0.893,0.931,0.082,-0.0973,-16.3958,31.8,-,0.000,18.113,9.478,4.263,8.299,0.876,142.924,68.877,4.527,0.970,0.871,0.107,0.518,10.896,4.924,2.390,0.000,0.000,74.047,-0.000,-64.350,0.857,-0.046,-0.879,1.000,-0.0263,-0.4978,18.7,1.7,-0.629,-0.680,-0.626,-0.650,3.72,1919.93,0.19%,-16.3750,3.9062,3.7031,0.5391,16.3750,37.7500,12.3,13187.9
wor80Z-57M-13p1B-100k-bs64-lr300-zloss-g1e-04-s1,3.382,3.382,29.419,,,-,-,-,-,-,0.000,228.539,98.943,0.893,10.544,0.107,-0.0146,-16.8964,43.8,-,0.000,174.814,87.095,40.699,78.176,0.898,12752.514,6111.483,2221.164,0.967,0.890,0.508,0.521,105.671,43.134,20.591,0.000,0.000,6641.030,0.000,-3890.319,0.821,-0.038,-0.892,1.000,-0.0202,-3.1626,23.1,-1.3,-0.385,-0.364,-0.374,-0.343,6.96,18220.32,0.04%,-16.8750,4.3750,5.7812,1.1250,16.8750,41.2500,15.9,13206.4
wor80Z-57M-13p1B-100k-bs64-lr3000-zloss-g1e-04-s1,4.578,4.578,97.291,,,-,-,-,-,-,0.000,1334.530,488.958,0.893,74.267,0.152,-0.0013,-29.0522,47.3,-,0.000,1462.411,1080.335,521.141,1042.816,0.965,1475629.500,1087467.125,482886.594,0.991,0.965,0.838,0.410,640.037,310.643,141.103,0.007,0.000,388164.062,1.715,-604578.750,0.778,-0.010,-0.924,1.000,0.0106,16.9239,30.1,10.2,-0.619,-0.598,-0.622,-0.602,106.98,236067.72,0.05%,-29.1250,37.7500,11.6875,28.3750,29.1250,346.0000,23.4,13116.7
worA0A-109M-13p1B-100k-bs64-lr10-baseline-g0e+00-s1,3.211,3.211,24.801,,,-,-,-,-,-,0.785,5.164,4.469,0.920,0.246,0.055,-0.0253,-1.2566,15.3,-,0.068,6.771,3.149,1.434,2.400,0.762,13.415,5.762,-4.221,0.958,0.749,-0.623,0.744,5.144,2.115,1.233,0.000,0.000,7.653,-0.000,-9.983,0.789,-0.021,-0.887,1.000,-0.0020,-0.0103,20.1,7.7,-0.669,-0.721,-0.766,-0.741,1.52,564.70,0.27%,-1.2578,2.6719,6.3438,0.2598,5.3125,19.7500,322.0,20562.4
worA0A-109M-13p1B-100k-bs64-lr100-baseline-g0e+00-s1,3.208,3.208,24.727,,,-,-,-,-,-,0.003,61.863,41.411,0.920,4.181,0.101,0.0557,11.7094,35.0,-,0.000,48.668,27.636,13.015,19.849,0.718,810.662,393.993,-202.652,0.929,0.696,-0.465,0.736,41.286,19.979,10.216,0.000,0.000,416.670,0.000,-596.644,0.672,-0.018,-0.850,1.000,0.0285,1.2641,19.3,12.2,-0.585,-0.611,-0.579,-0.533,7.38,4790.13,0.15%,11.6875,3.3125,11.1875,0.5195,14.0000,31.2500,1088.0,20523.6
worA0A-109M-13p1B-100k-bs64-lr1000-baseline-g0e+00-s1,3.344,3.344,28.337,,,-,-,-,-,-,0.000,1717.971,300.725,0.920,24.467,0.081,0.2820,251.6746,40.5,-,0.000,384.382,216.467,135.037,146.293,0.676,42857.297,21401.684,-4560.436,0.878,0.661,-0.146,0.606,299.772,163.424,78.081,0.001,0.000,21455.744,0.138,-25961.984,0.525,-0.021,-0.647,1.000,-0.0138,-2.0656,27.6,7.3,-0.426,-0.426,-0.593,-0.552,109.97,34909.20,0.32%,252.0000,4.0312,118.5000,1.1172,252.0000,270.0000,88064.0,20462.4
worA0A-109M-13p1B-100k-bs64-lr3-baseline-g0e+00-s1,3.261,3.261,26.088,,,-,-,-,-,-,0.969,1.855,1.669,0.920,0.036,0.021,-0.1137,-3.7670,1.8,-,0.283,2.650,1.413,0.554,1.167,0.826,2.571,1.361,-1.142,0.984,0.806,-0.709,0.974,2.583,0.846,0.347,0.000,0.000,1.210,-0.000,-2.503,0.916,-0.009,-0.915,1.000,-0.0251,-0.0255,14.3,2.1,-0.644,-0.648,-0.724,-0.660,1.31,275.79,0.47%,-3.7656,2.4219,3.5938,0.1748,4.8125,16.2500,200.0,20677.4
worA0A-109M-13p1B-100k-bs64-lr30-baseline-g0e+00-s1,3.202,3.202,24.576,,,-,-,-,-,-,0.114,15.966,12.911,0.920,1.076,0.083,-0.0257,-2.3584,23.1,-,0.005,22.495,10.003,3.883,8.126,0.812,165.905,66.030,-45.376,0.951,0.792,-0.671,0.672,15.554,6.351,3.108,0.000,0.000,99.875,0.000,-111.406,0.839,-0.041,-0.921,1.000,-0.0420,-0.5096,16.8,-0.5,-0.558,-0.577,-0.606,-0.579,3.16,1945.02,0.16%,-2.3594,3.0469,4.6250,0.3672,4.8125,20.3750,286.0,20568.0
worA0A-109M-13p1B-100k-bs64-lr300-baseline-g0e+00-s1,3.230,3.230,25.282,,,-,-,-,-,-,0.000,309.277,111.926,0.920,9.882,0.088,0.1057,51.0537,43.3,-,0.000,160.531,90.988,40.681,72.207,0.794,10323.557,5213.916,-2208.443,0.935,0.778,-0.521,0.719,114.370,58.191,27.537,0.000,0.000,5109.634,-0.008,-7422.366,0.728,-0.019,-0.899,1.000,-0.0140,-0.9247,20.1,10.9,-0.565,-0.595,-0.625,-0.602,11.50,16990.74,0.07%,51.0000,3.4688,19.3750,0.7383,51.5000,69.5000,5280.0,20666.5
worA0A-109M-13p1B-100k-bs64-lr3000-baseline-g0e+00-s1,5.023,5.023,151.851,,,-,-,-,-,-,0.000,1470.459,509.897,0.920,63.550,0.125,0.2296,1448.8210,55.7,-,0.000,929.391,582.353,313.827,467.200,0.802,367272.938,218275.016,-39095.902,0.948,0.787,-0.176,0.701,725.472,362.706,176.911,0.002,0.000,148997.391,-0.623,-257371.500,0.620,-0.004,-0.798,1.000,-0.0164,-14.0851,28.8,5.4,-0.479,-0.494,-0.569,-0.547,131.56,109355.69,0.12%,1448.0000,5.3438,628.0000,1.7422,1448.0000,1472.0000,2572288.0,20461.6
worA0E-109M-13p1B-100k-bs64-lr10-muloss-g1e-01-s1,3.212,3.212,24.834,,,-,-,-,-,-,0.747,5.204,4.472,0.920,0.253,0.057,-0.3048,-2.7567,16.8,-,0.000,24.896,2.466,0.984,0.360,0.146,0.260,0.130,-0.512,0.381,0.198,-0.164,1.254,24.919,2.427,0.934,0.000,0.000,0.130,0.000,-0.642,0.123,0.014,-0.316,1.000,-0.0624,-0.3956,18.9,10.8,-0.491,-0.346,0.249,-0.318,2.08,764.28,0.27%,-2.7500,2.4375,3.2188,0.4688,3.9219,16.8750,236.0,20621.5
worA0E-109M-13p1B-100k-bs64-lr100-muloss-g1e-01-s1,3.207,3.207,24.709,,,-,-,-,-,-,0.000,58.360,41.477,0.920,4.075,0.098,-0.8652,-2.4601,31.6,-,0.000,100.732,22.897,8.479,0.304,0.013,0.304,0.093,-0.162,0.039,0.014,-0.027,0.836,100.730,22.895,8.476,0.000,0.000,0.212,0.000,-0.254,0.027,-0.001,-0.047,1.000,0.0748,2.8483,21.1,17.9,-0.560,-0.459,-0.515,-0.337,6.97,4267.61,0.16%,-2.4531,2.7969,1.2656,0.4219,3.2500,16.7500,258.0,20638.2
worA0E-109M-13p1B-100k-bs64-lr1000-muloss-g1e-01-s1,3.281,3.281,26.591,,,-,-,-,-,-,0.000,503.400,237.914,0.920,34.462,0.145,-0.3709,-0.0128,49.4,-,0.000,276.595,124.642,39.818,0.050,0.000,0.164,0.002,-0.277,0.019,-0.000,-0.042,1.009,276.595,124.642,39.819,0.000,0.000,0.161,-0.000,-0.279,0.019,-0.001,-0.043,1.000,0.0466,1.1192,32.7,29.2,0.232,0.085,0.027,0.072,34.33,4885.13,0.70%,-0.0129,2.6406,0.1050,0.9023,2.0000,17.3750,344.0,20857.8
worA0E-109M-13p1B-100k-bs64-lr3-muloss-g1e-01-s1,3.261,3.261,26.081,,,-,-,-,-,-,0.972,1.852,1.669,0.920,0.036,0.022,-0.3867,-4.1032,4.7,-,0.632,17.063,1.302,0.470,0.353,0.271,0.228,0.125,-0.676,0.701,0.406,-0.289,1.184,17.106,1.220,0.351,0.000,0.000,0.104,-0.000,-0.801,0.249,0.042,-0.526,1.000,-0.0247,-0.0271,20.0,12.6,-0.486,-0.305,0.312,-0.262,1.49,508.67,0.29%,-4.0938,2.3281,3.7188,0.3047,5.0625,17.8750,190.0,20627.2
worA0E-109M-13p1B-100k-bs64-lr30-muloss-g1e-01-s1,3.200,3.200,24.532,,,-,-,-,-,-,0.409,16.183,12.898,0.920,1.106,0.086,-0.7588,-5.8448,32.4,-,0.000,29.952,5.761,2.679,0.390,0.068,0.339,0.152,-0.154,0.151,0.077,-0.057,0.901,29.959,5.745,2.655,0.000,0.000,0.187,0.000,-0.305,0.067,0.002,-0.124,1.000,0.0078,0.1709,35.0,33.2,-0.482,-0.269,0.163,-0.128,2.83,974.41,0.29%,-5.8438,2.5938,3.7344,0.5508,6.2500,18.5000,170.0,20704.6
worA0E-109M-13p1B-100k-bs64-lr300-muloss-g1e-01-s1,3.222,3.222,25.070,,,-,-,-,-,-,0.000,285.842,114.441,0.920,10.271,0.090,-0.8218,-0.3233,39.6,-,0.000,191.192,52.208,24.675,0.152,0.003,0.186,0.023,-0.214,0.018,0.003,-0.032,1.108,191.192,52.208,24.675,0.000,0.000,0.162,0.000,-0.237,0.015,0.000,-0.035,1.000,0.0235,0.6252,26.2,22.2,-0.495,-0.307,0.271,0.109,22.99,7777.44,0.30%,-0.3242,2.7969,0.9648,0.5664,2.3281,17.5000,336.0,20618.0
worA0E-109M-13p1B-100k-bs64-lr3000-muloss-g1e-01-s1,3.304,3.304,27.220,,,-,-,-,-,-,0.000,1444.807,509.955,0.920,84.313,0.165,-0.9506,-0.0109,50.7,-,0.000,521.242,263.686,121.256,0.026,0.000,0.157,0.001,-0.347,0.016,-0.000,-0.040,1.002,521.242,263.686,121.256,0.000,0.000,0.156,-0.000,-0.348,0.016,-0.001,-0.041,1.000,-0.0057,-0.2123,29.6,27.0,0.238,0.097,-0.276,-0.158,122.82,12804.06,0.96%,-0.0109,2.5781,0.0135,0.5156,1.9766,16.8750,330.0,20521.6
worA0R-109M-13p1B-100k-bs64-lr10-mucentering-g0e+00-s1,3.213,3.213,24.851,,,-,-,-,-,-,0.777,5.160,4.470,0.920,0.248,0.055,-0.0468,-0.0000,20.6,-,0.417,5.999,2.242,1.121,0.000,0.000,0.000,0.000,-0.000,0.260,-0.009,-0.270,1.000,5.999,2.242,1.121,0.000,0.000,0.000,-0.000,-0.000,0.260,-0.009,-0.270,1.000,0.0207,0.0958,14.3,12.7,-0.065,-0.171,-0.658,-0.645,1.76,280.31,0.63%,0.0000,2.7656,0.0001,0.2773,2.1562,16.8750,324.0,20604.2
worA0R-109M-13p1B-100k-bs64-lr100-mucentering-g0e+00-s1,3.207,3.207,24.712,,,-,-,-,-,-,0.001,58.963,41.520,0.920,4.095,0.099,-0.0288,-0.0000,37.7,-,0.000,54.431,22.236,11.498,0.000,0.000,0.000,0.000,-0.000,0.359,-0.003,-0.504,1.000,54.431,22.236,11.498,0.000,0.000,0.000,-0.000,-0.000,0.359,-0.003,-0.504,1.000,-0.0550,-1.0090,26.7,23.9,-0.282,-0.432,-0.625,-0.584,5.77,3139.86,0.18%,0.0000,3.1875,0.0002,0.4355,2.5000,18.1250,356.0,20645.8
worA0R-109M-13p1B-100k-bs64-lr1000-mucentering-g0e+00-s1,3.257,3.257,25.984,,,-,-,-,-,-,0.000,1691.812,308.948,0.920,28.428,0.092,-0.3088,-0.0000,45.3,-,0.000,279.184,150.675,76.020,0.000,0.000,0.002,-0.000,-0.002,0.216,0.004,-0.236,1.000,279.184,150.675,76.020,0.000,0.000,0.002,-0.000,-0.002,0.216,0.004,-0.236,1.000,0.0247,0.4798,25.5,24.7,-0.058,-0.105,0.528,0.439,64.11,15415.44,0.42%,-0.0000,3.0000,0.0001,0.9141,2.3281,17.8750,362.0,20499.2
worA0R-109M-13p1B-100k-bs64-lr3-mucentering-g0e+00-s1,3.262,3.262,26.099,,,-,-,-,-,-,0.973,1.853,1.669,0.920,0.036,0.022,0.0223,0.0000,6.0,-,0.872,2.947,0.898,0.403,0.000,0.000,0.000,0.000,-0.000,0.156,0.000,-0.165,1.000,2.947,0.898,0.403,0.000,0.000,0.000,-0.000,-0.000,0.156,0.000,-0.165,1.000,0.0074,0.0069,22.9,19.1,0.150,-0.059,-0.054,-0.063,1.35,119.62,1.13%,0.0000,2.4688,0.0001,0.1943,1.9219,16.1250,306.0,20702.3
worA0R-109M-13p1B-100k-bs64-lr30-mucentering-g0e+00-s1,3.201,3.201,24.556,,,-,-,-,-,-,0.369,16.169,12.914,0.920,1.099,0.085,0.0566,0.0000,31.3,-,0.001,22.126,6.446,3.047,0.000,0.000,0.000,0.000,-0.000,0.204,-0.003,-0.187,1.000,22.126,6.446,3.047,0.000,0.000,0.000,-0.000,-0.000,0.204,-0.003,-0.187,1.000,0.0359,0.3603,19.2,15.3,-0.087,-0.144,-0.430,-0.393,3.94,777.59,0.51%,0.0002,3.2188,0.0005,0.3945,2.4844,20.0000,348.0,20630.8
worA0R-109M-13p1B-100k-bs64-lr300-mucentering-g0e+00-s1,3.226,3.226,25.191,,,-,-,-,-,-,0.000,281.636,108.248,0.920,9.913,0.092,-0.1392,-0.0000,42.0,-,0.000,114.603,55.963,27.189,0.000,0.000,0.000,0.000,-0.000,0.183,0.000,-0.150,1.000,114.603,55.963,27.189,0.000,0.000,0.000,-0.000,-0.000,0.183,0.000,-0.150,1.000,-0.0494,-0.8112,25.4,23.7,-0.011,-0.140,0.123,0.126,15.26,7179.72,0.21%,-0.0001,3.0938,0.0004,0.6641,2.4062,18.0000,47.6,20669.4
worA0R-109M-13p1B-100k-bs64-lr3000-mucentering-g0e+00-s1,3.347,3.347,28.424,,,-,-,-,-,-,0.000,1479.077,508.869,0.920,77.138,0.152,-0.3193,-0.0000,56.9,-,0.000,673.108,337.828,158.466,0.000,0.000,0.079,-0.000,-0.054,0.659,0.007,-0.566,1.000,673.108,337.828,158.466,0.000,0.000,0.079,-0.000,-0.054,0.659,0.007,-0.566,1.000,-0.0057,-0.1167,18.0,15.5,0.068,-0.003,0.636,0.625,128.51,38010.28,0.34%,-0.0000,2.8438,0.0002,0.4570,2.2031,17.2500,340.0,20694.8
worA0Z-109M-13p1B-100k-bs64-lr10-zloss-g1e-04-s1,3.211,3.211,24.815,,,-,-,-,-,-,0.758,5.175,4.470,0.920,0.252,0.056,-0.1447,-14.5588,19.9,-,0.018,7.486,4.213,1.981,3.652,0.867,24.757,13.335,1.952,0.971,0.863,0.206,0.461,4.573,2.198,1.065,0.000,0.000,11.422,-0.000,-11.383,0.797,-0.026,-0.846,1.000,-0.0264,-0.1835,19.8,9.9,-0.609,-0.632,-0.616,-0.593,2.16,838.06,0.26%,-14.5625,3.3281,4.3750,0.4492,14.5625,31.7500,22.9,20901.5
worA0Z-109M-13p1B-100k-bs64-lr100-zloss-g1e-04-s1,3.204,3.204,24.630,,,-,-,-,-,-,0.000,61.344,41.480,0.920,4.323,0.104,-0.0488,-16.2218,27.2,-,0.000,61.819,38.320,17.525,33.078,0.863,1833.455,1094.155,268.734,0.951,0.862,0.408,0.450,39.031,19.890,11.645,0.000,0.000,739.298,-0.002,-825.423,0.656,-0.019,-0.848,1.000,-0.0036,-0.1582,29.6,12.7,-0.621,-0.648,-0.632,-0.631,8.09,7525.71,0.11%,-16.2500,4.1562,4.6562,0.8203,16.2500,39.0000,17.6,20931.7
worA0Z-109M-13p1B-100k-bs64-lr1000-zloss-g1e-04-s1,3.279,3.279,26.537,,,-,-,-,-,-,0.000,1682.612,297.039,0.920,25.159,0.085,-0.0077,-19.3183,42.9,-,0.000,608.132,415.758,262.591,388.770,0.935,224629.938,151141.562,87347.102,0.982,0.934,0.769,0.327,290.038,159.083,75.349,0.002,0.000,73488.094,-0.282,-63794.750,0.759,-0.021,-0.830,1.000,-0.0412,-6.6568,32.6,-1.3,-0.467,-0.473,-0.475,-0.476,44.42,88422.37,0.05%,-19.3750,7.0312,5.5000,5.4375,19.3750,66.5000,7.2,20858.5
worA0Z-109M-13p1B-100k-bs64-lr3-zloss-g1e-04-s1,3.261,3.261,26.071,,,-,-,-,-,-,0.977,1.857,1.669,0.920,0.036,0.022,-0.1955,-13.6936,-1.5,-,0.176,3.427,2.006,0.861,1.799,0.897,5.722,3.238,-0.076,0.990,0.892,-0.042,0.579,2.164,0.955,0.391,0.000,0.000,2.484,0.000,-3.314,0.899,-0.031,-0.891,1.000,-0.0734,-0.1028,17.9,4.1,-0.622,-0.609,-0.651,-0.591,1.75,414.24,0.42%,-13.6875,2.9531,4.1562,0.2598,13.6875,28.5000,25.1,20948.1
worA0Z-109M-13p1B-100k-bs64-lr30-zloss-g1e-04-s1,3.202,3.202,24.582,,,-,-,-,-,-,0.195,16.078,12.915,0.920,1.093,0.085,-0.0858,-15.6767,29.4,-,0.000,19.204,10.638,5.294,8.968,0.843,149.537,80.425,14.029,0.962,0.840,0.250,0.462,12.751,5.949,3.147,0.000,0.000,69.112,0.000,-66.396,0.755,-0.035,-0.816,1.000,-0.0170,-0.3786,29.9,15.3,-0.596,-0.602,-0.648,-0.604,4.40,2055.89,0.21%,-15.6875,3.7031,4.5312,0.6406,15.6875,35.5000,18.9,20793.6
worA0Z-109M-13p1B-100k-bs64-lr300-zloss-g1e-04-s1,3.230,3.230,25.280,,,-,-,-,-,-,0.000,269.437,108.978,0.920,9.815,0.090,-0.0322,-17.3818,34.9,-,0.000,175.503,107.025,56.516,92.860,0.868,14497.684,8623.074,3219.663,0.944,0.863,0.469,0.405,102.710,56.329,32.163,0.001,0.000,5874.614,0.006,-5403.405,0.673,-0.028,-0.801,1.000,-0.0584,-3.3385,24.3,9.6,-0.372,-0.387,-0.342,-0.342,10.84,21355.54,0.05%,-17.3750,3.9844,4.7188,0.8594,17.3750,38.7500,9.6,20898.6
worA0Z-109M-13p1B-100k-bs64-lr3000-zloss-g1e-04-s1,3.735,3.735,41.890,,,-,-,-,-,-,0.000,1599.110,498.697,0.920,81.656,0.164,-0.0019,-21.4225,54.1,-,0.000,1464.584,1106.428,514.571,1045.537,0.945,1413112.750,1093148.250,449603.562,0.985,0.944,0.791,0.455,687.688,378.163,186.867,0.006,0.000,319965.750,1.338,-643543.375,0.588,-0.006,-0.915,1.000,0.0270,23.9816,34.0,0.3,-0.652,-0.628,-0.669,-0.647,105.26,236153.45,0.04%,-21.7500,10.7500,7.8750,11.4375,21.7500,123.5000,15.1,20825.4
worC0A-221M-13p1B-100k-bs64-lr10-baseline-g0e+00-s1,3.050,3.050,21.123,,,-,-,-,-,-,0.715,6.141,5.019,0.931,0.323,0.064,-0.0276,-1.4598,12.6,-,0.052,7.647,3.339,1.607,2.337,0.700,14.905,5.463,-5.509,0.951,0.675,-0.611,0.736,6.010,2.487,1.316,0.000,0.000,9.442,0.000,-10.971,0.796,-0.028,-0.870,1.000,0.0566,0.4150,12.2,10.9,-0.566,-0.645,-0.670,-0.676,1.88,569.71,0.33%,-1.4609,2.7656,4.5938,0.2910,4.3750,19.2500,304.0,39602.2
worC0A-221M-13p1B-100k-bs64-lr100-baseline-g0e+00-s1,3.076,3.076,21.669,,,-,-,-,-,-,0.000,69.944,45.187,0.931,4.069,0.090,-0.0068,-1.1257,25.9,-,0.000,50.284,29.115,14.236,20.019,0.688,799.896,400.752,-330.138,0.907,0.672,-0.623,0.914,46.465,21.661,12.982,0.000,0.000,399.146,0.002,-730.888,0.626,-0.016,-0.878,1.000,-0.0236,-0.7961,21.2,10.7,-0.665,-0.730,-0.785,-0.779,6.54,4717.80,0.14%,-1.1250,3.2812,6.3438,0.5195,5.7188,21.7500,376.0,39917.7
worC0A-221M-13p1B-100k-bs64-lr1000-baseline-g0e+00-s1,3.305,3.305,27.251,,,-,-,-,-,-,0.000,543.790,259.528,0.931,35.766,0.138,0.1237,349.7912,51.5,-,0.000,480.000,279.524,127.855,209.223,0.748,83862.305,43773.984,-15085.303,0.933,0.721,-0.413,0.702,345.407,195.271,100.306,0.002,0.000,40088.090,-0.227,-58859.520,0.673,-0.015,-0.879,1.000,-0.0117,-5.6628,16.6,-5.1,-0.428,-0.432,-0.507,-0.478,92.96,50337.34,0.18%,350.0000,6.8125,350.0000,4.8750,350.0000,370.0000,262144.0,39681.7
worC0A-221M-13p1B-100k-bs64-lr3-baseline-g0e+00-s1,3.090,3.090,21.986,,,-,-,-,-,-,0.943,2.022,1.816,0.931,0.056,0.031,-0.1523,-4.3941,14.3,-,0.317,2.766,1.484,0.640,1.204,0.812,2.826,1.450,-1.241,0.985,0.791,-0.692,0.952,2.622,0.920,0.417,0.000,0.000,1.377,0.000,-2.691,0.922,-0.014,-0.915,1.000,-0.0080,-0.0108,9.1,3.1,-0.646,-0.657,-0.739,-0.682,1.20,285.69,0.42%,-4.4062,2.4062,3.9531,0.1963,5.3438,17.0000,191.0,39792.7
worC0A-221M-13p1B-100k-bs64-lr30-baseline-g0e+00-s1,3.050,3.050,21.119,,,-,-,-,-,-,0.241,19.083,14.484,0.931,1.264,0.087,0.0506,5.8281,31.3,-,0.009,14.985,8.643,4.318,5.625,0.651,65.258,31.644,-23.416,0.926,0.637,-0.491,0.844,13.492,6.700,3.446,0.000,0.000,33.614,-0.000,-55.061,0.764,-0.020,-0.814,1.000,0.0295,0.7638,26.7,16.0,-0.573,-0.587,-0.741,-0.673,2.97,1334.52,0.22%,5.8125,2.9844,10.3125,0.3691,9.7500,26.3750,720.0,39868.1
worC0A-221M-13p1B-100k-bs64-lr300-baseline-g0e+00-s1,3.153,3.153,23.398,,,-,-,-,-,-,0.000,635.792,123.937,0.931,8.554,0.069,0.0496,35.3538,41.4,-,0.000,154.559,97.635,51.693,75.824,0.777,10141.797,5749.214,-1192.390,0.925,0.763,-0.232,0.684,119.828,63.976,31.317,0.001,0.000,4392.572,-0.012,-6941.616,0.623,-0.019,-0.812,1.000,-0.0034,-0.2737,19.7,-0.2,-0.428,-0.435,-0.531,-0.482,7.71,17746.93,0.04%,35.2500,3.1719,23.6250,0.9062,37.2500,55.0000,3504.0,39749.2
worC0A-221M-13p1B-100k-bs64-lr3000-baseline-g0e+00-s1,5.099,5.099,163.904,,,-,-,-,-,-,0.000,1466.159,472.900,0.931,66.438,0.140,0.2328,1540.9585,51.2,-,0.000,896.274,582.551,351.697,446.517,0.766,329740.500,199378.078,-32723.633,0.930,0.755,-0.141,0.704,732.285,383.108,202.163,0.001,0.000,130362.750,0.289,-232101.469,0.567,-0.002,-0.720,1.000,0.0030,2.9360,29.8,10.9,-0.431,-0.450,-0.574,-0.544,117.48,103745.96,0.11%,1544.0000,5.4375,624.0000,1.4766,1544.0000,1560.0000,2834432.0,39600.4
worC0E-221M-13p1B-100k-bs64-lr10-muloss-g1e-01-s1,3.051,3.051,21.142,,,-,-,-,-,-,0.715,6.024,5.020,0.931,0.329,0.066,-0.3654,-3.9651,15.8,-,0.316,38.105,3.266,1.297,0.343,0.105,0.239,0.118,-0.368,0.268,0.146,-0.113,1.320,38.116,3.239,1.292,0.000,0.000,0.121,0.000,-0.485,0.093,0.009,-0.253,1.000,0.0102,0.1065,22.3,13.4,-0.493,-0.345,0.219,-0.306,1.87,1143.47,0.16%,-3.9688,2.5312,3.1719,0.6953,4.6875,18.1250,206.0,39770.3
worC0E-221M-13p1B-100k-bs64-lr100-muloss-g1e-01-s1,3.073,3.073,21.615,,,-,-,-,-,-,0.000,77.772,45.458,0.931,4.028,0.089,-0.7803,-0.7628,32.5,-,0.000,35.144,20.593,7.909,0.150,0.007,0.163,0.023,-0.303,0.038,0.006,-0.102,1.075,35.143,20.592,7.916,0.000,0.000,0.141,-0.000,-0.325,0.032,-0.001,-0.109,1.000,-0.0509,-1.3336,40.6,39.5,0.098,-0.017,-0.146,-0.103,9.22,1467.28,0.63%,-0.7617,2.6719,0.5039,0.5898,2.2188,16.7500,314.0,39753.9
worC0E-221M-13p1B-100k-bs64-lr1000-muloss-g1e-01-s1,3.125,3.125,22.751,,,-,-,-,-,-,0.000,503.416,250.751,0.931,34.770,0.139,-0.5802,-0.0137,50.3,-,0.000,329.332,156.428,45.695,0.044,0.000,0.131,0.002,-0.235,0.013,-0.000,-0.031,1.008,329.332,156.428,45.696,0.000,0.000,0.129,-0.000,-0.237,0.012,-0.001,-0.032,1.000,-0.0242,-0.4470,39.1,37.1,0.273,0.109,0.091,0.116,37.23,5541.31,0.67%,-0.0138,2.6250,0.0859,1.5469,1.9766,17.8750,406.0,39487.6
worC0E-221M-13p1B-100k-bs64-lr3-muloss-g1e-01-s1,3.090,3.090,21.968,,,-,-,-,-,-,0.946,2.019,1.816,0.931,0.056,0.031,-0.2726,-3.0468,14.4,-,0.477,16.040,1.338,0.532,0.341,0.255,0.208,0.116,-0.521,0.633,0.359,-0.297,1.223,16.076,1.270,0.412,0.000,0.000,0.092,0.000,-0.637,0.238,0.031,-0.548,1.000,-0.0849,-0.1569,16.4,4.0,-0.491,-0.375,0.269,-0.279,1.24,473.00,0.26%,-3.0469,2.5156,2.8438,1.3750,3.9062,17.7500,220.0,39810.8
worC0E-221M-13p1B-100k-bs64-lr30-muloss-g1e-01-s1,3.049,3.049,21.097,,,-,-,-,-,-,0.072,18.454,14.445,0.931,1.278,0.088,-0.4583,-1.9632,33.4,-,0.000,26.448,6.842,3.083,0.263,0.038,0.237,0.069,-0.272,0.099,0.042,-0.145,1.254,26.457,6.837,3.081,0.000,0.000,0.168,-0.000,-0.341,0.060,0.001,-0.187,1.000,0.0546,1.1369,35.9,33.7,-0.471,-0.255,0.146,-0.055,2.54,917.00,0.28%,-1.9609,2.5312,1.3750,0.3398,2.8750,16.3750,272.0,39748.6
worC0E-221M-13p1B-100k-bs64-lr300-muloss-g1e-01-s1,3.087,3.087,21.903,,,-,-,-,-,-,0.000,651.154,117.393,0.931,9.269,0.079,-0.9362,-0.7411,33.4,-,0.000,96.898,53.605,27.993,0.190,0.004,0.176,0.036,-0.184,0.016,0.003,-0.019,1.197,96.897,53.604,27.993,0.000,0.000,0.139,0.000,-0.220,0.013,-0.000,-0.023,1.000,-0.0558,-2.1508,33.9,31.7,-0.104,-0.129,0.255,0.214,13.07,3412.91,0.38%,-0.7422,2.6719,1.3984,0.9180,2.4219,17.7500,342.0,39704.7
worC0E-221M-13p1B-100k-bs64-lr3000-muloss-g1e-01-s1,3.204,3.204,24.631,,,-,-,-,-,-,0.000,1457.062,486.612,0.931,69.833,0.144,-0.8305,-0.0094,48.3,-,0.000,544.204,289.905,107.934,0.020,0.000,0.143,0.000,-0.212,0.018,-0.000,-0.033,1.002,544.204,289.905,107.934,0.000,0.000,0.143,-0.000,-0.212,0.018,-0.000,-0.033,1.000,-0.0156,-0.6223,32.7,29.1,0.368,0.227,-0.389,-0.366,117.54,13526.51,0.87%,-0.0095,2.4844,0.0084,0.8477,1.8906,16.8750,350.0,39651.2
worC0R-221M-13p1B-100k-bs64-lr10-mucentering-g0e+00-s1,3.051,3.051,21.135,,,-,-,-,-,-,0.718,6.014,5.020,0.931,0.324,0.065,-0.0018,-0.0000,19.6,-,0.451,6.917,2.619,1.252,0.000,0.000,0.000,0.000,-0.000,0.165,-0.003,-0.170,1.000,6.917,2.619,1.252,0.000,0.000,0.000,-0.000,-0.000,0.165,-0.003,-0.170,1.000,0.0115,0.0773,18.6,14.6,-0.047,-0.187,-0.396,-0.406,1.97,257.82,0.76%,-0.0000,2.7969,0.0002,0.2676,2.1719,17.2500,338.0,39971.4
worC0R-221M-13p1B-100k-bs64-lr100-mucentering-g0e+00-s1,3.073,3.073,21.604,,,-,-,-,-,-,0.000,71.371,45.511,0.931,3.986,0.088,0.0151,0.0000,25.4,-,0.000,54.659,23.088,12.198,0.000,0.000,0.000,0.000,-0.000,0.192,-0.003,-0.180,1.000,54.659,23.088,12.198,0.000,0.000,0.000,-0.000,-0.000,0.192,-0.003,-0.180,1.000,-0.0375,-0.5297,21.6,20.5,0.009,-0.118,-0.588,-0.504,9.35,2320.41,0.40%,0.0002,3.1406,0.0002,0.5352,2.4219,18.7500,366.0,39832.4
worC0R-221M-13p1B-100k-bs64-lr1000-mucentering-g0e+00-s1,3.127,3.127,22.815,,,-,-,-,-,-,0.000,484.223,253.522,0.931,38.520,0.152,-0.3285,-0.0000,49.0,-,0.000,321.623,177.940,96.934,0.000,0.000,0.004,-0.000,-0.003,0.356,0.007,-0.325,1.000,321.623,177.940,96.934,0.000,0.000,0.004,-0.000,-0.003,0.356,0.007,-0.325,1.000,0.0720,1.4162,33.9,32.0,-0.016,-0.077,0.609,0.569,74.60,17230.95,0.43%,0.0001,3.0469,0.0002,2.0625,2.3594,18.6250,456.0,39771.7
worC0R-221M-13p1B-100k-bs64-lr3-mucentering-g0e+00-s1,3.091,3.091,21.989,,,-,-,-,-,-,0.944,2.032,1.816,0.931,0.055,0.030,0.0319,0.0000,12.7,-,0.872,2.826,0.953,0.432,0.000,0.000,0.000,-0.000,-0.000,0.156,0.001,-0.179,1.000,2.826,0.953,0.432,0.000,0.000,0.000,-0.000,-0.000,0.156,0.001,-0.179,1.000,0.0137,0.0188,17.3,14.9,0.142,-0.016,0.654,0.591,1.28,116.06,1.10%,0.0000,2.4375,0.0001,0.2129,1.8828,16.3750,312.0,39830.2
worC0R-221M-13p1B-100k-bs64-lr30-mucentering-g0e+00-s1,3.050,3.050,21.126,,,-,-,-,-,-,0.264,18.385,14.443,0.931,1.286,0.089,0.0269,0.0000,25.3,-,0.000,20.689,7.985,4.487,0.000,0.000,0.000,0.000,-0.000,0.237,0.007,-0.230,1.000,20.689,7.985,4.487,0.000,0.000,0.000,-0.000,-0.000,0.237,0.007,-0.230,1.000,0.0198,0.2915,22.8,18.6,-0.177,-0.296,0.665,0.655,3.28,892.12,0.37%,0.0000,3.1406,0.0001,0.3809,2.4375,18.0000,358.0,39964.5
worC0R-221M-13p1B-100k-bs64-lr300-mucentering-g0e+00-s1,3.113,3.113,22.484,,,-,-,-,-,-,0.000,168.087,92.136,0.931,15.522,0.168,-0.0746,-0.0000,39.3,-,0.000,112.924,61.297,29.759,0.000,0.000,0.001,0.000,-0.001,0.382,-0.011,-0.425,1.000,112.924,61.297,29.759,0.000,0.000,0.001,-0.000,-0.001,0.382,-0.011,-0.425,1.000,0.0077,0.1291,23.4,21.9,-0.073,-0.179,-0.586,-0.520,19.03,6068.02,0.31%,0.0001,3.1094,0.0001,1.0156,2.4219,18.2500,382.0,39759.7
worC0R-221M-13p1B-100k-bs64-lr3000-mucentering-g0e+00-s1,3.208,3.208,24.719,,,-,-,-,-,-,0.000,1561.665,509.270,0.931,65.962,0.130,-0.3837,-0.0000,45.1,-,0.000,721.419,385.023,191.597,0.000,0.000,0.008,0.000,-0.007,0.160,0.000,-0.145,1.000,721.419,385.023,191.597,0.000,0.000,0.008,-0.000,-0.007,0.160,0.000,-0.145,1.000,0.0234,0.2769,30.1,29.3,0.204,0.096,-0.195,-0.149,124.18,35525.16,0.35%,-0.0001,2.6875,0.0002,0.6172,2.0781,17.1250,348.0,39855.0
worC0Z-221M-13p1B-100k-bs64-lr10-zloss-g1e-04-s1,3.050,3.050,21.108,,,-,-,-,-,-,0.704,6.006,5.020,0.931,0.336,0.067,-0.1191,-15.0723,7.3,-,0.010,8.412,4.865,2.285,4.125,0.848,30.864,17.016,1.646,0.970,0.844,0.121,0.498,6.326,2.712,1.398,0.000,0.000,13.848,0.000,-15.370,0.746,-0.035,-0.841,1.000,-0.0595,-0.6134,16.8,1.1,-0.549,-0.573,-0.597,-0.573,1.99,949.59,0.21%,-15.0625,3.3594,4.3125,0.4062,15.0625,32.5000,19.2,40228.3
worC0Z-221M-13p1B-100k-bs64-lr100-zloss-g1e-04-s1,3.069,3.069,21.516,,,-,-,-,-,-,0.000,65.751,45.436,0.931,4.066,0.089,-0.0359,-16.2169,27.3,-,0.000,58.624,37.277,18.309,29.977,0.804,1528.665,898.608,158.519,0.960,0.802,0.265,0.484,43.665,22.604,12.640,0.000,0.000,630.056,-0.001,-740.090,0.701,-0.018,-0.805,1.000,0.0051,0.3118,27.4,7.9,-0.630,-0.639,-0.710,-0.660,6.46,6835.16,0.09%,-16.2500,3.7500,5.0625,0.7617,16.2500,35.0000,16.5,40234.3
worC0Z-221M-13p1B-100k-bs64-lr1000-zloss-g1e-04-s1,3.173,3.173,23.883,,,-,-,-,-,-,0.000,510.091,245.185,0.931,46.069,0.188,-0.0057,-21.2120,51.5,-,0.000,617.302,427.721,249.412,388.276,0.908,221583.406,150758.703,77150.000,0.970,0.905,0.676,0.332,343.904,187.784,94.862,0.002,0.000,70824.836,0.113,-73608.578,0.650,-0.007,-0.798,1.000,0.0423,18.8251,32.1,-1.0,-0.523,-0.515,-0.548,-0.531,55.95,88228.52,0.06%,-21.2500,9.6250,6.4375,7.4688,21.2500,102.5000,5.0,39826.7
worC0Z-221M-13p1B-100k-bs64-lr3-zloss-g1e-04-s1,3.089,3.089,21.962,,,-,-,-,-,-,0.943,2.021,1.816,0.931,0.056,0.031,-0.2074,-14.0121,12.4,-,0.161,3.763,2.117,0.924,1.881,0.888,6.405,3.537,-0.043,0.989,0.883,-0.022,0.559,2.339,1.057,0.520,0.000,0.000,2.868,0.000,-3.580,0.896,-0.044,-0.885,1.000,-0.0048,-0.0096,11.9,6.3,-0.585,-0.595,-0.638,-0.610,1.50,434.94,0.35%,-14.0000,3.2500,4.2500,0.3750,14.0000,30.0000,26.5,40162.6
worC0Z-221M-13p1B-100k-bs64-lr30-zloss-g1e-04-s1,3.049,3.049,21.092,,,-,-,-,-,-,0.128,18.860,14.458,0.931,1.259,0.087,-0.0978,-16.4138,26.4,-,0.000,22.033,12.903,6.353,10.646,0.825,213.349,113.337,18.866,0.961,0.822,0.257,0.469,16.258,7.500,3.883,0.000,0.000,100.012,-0.000,-94.471,0.738,-0.020,-0.818,1.000,-0.0494,-0.9815,28.3,13.3,-0.578,-0.540,-0.594,-0.493,4.90,2436.03,0.20%,-16.3750,3.9844,4.7812,0.7969,16.5000,37.0000,17.1,39963.4
worC0Z-221M-13p1B-100k-bs64-lr300-zloss-g1e-04-s1,3.091,3.091,21.990,,,-,-,-,-,-,0.000,578.520,121.930,0.931,10.500,0.086,-0.0343,-17.9221,31.3,-,0.000,194.243,117.572,61.112,96.450,0.820,17042.588,9302.572,2881.438,0.937,0.816,0.436,0.454,127.479,69.016,37.773,0.000,0.000,7740.026,0.011,-6421.124,0.710,-0.015,-0.778,1.000,-0.0665,-3.7867,27.6,-1.4,-0.565,-0.532,-0.542,-0.507,13.99,22060.09,0.06%,-18.0000,4.4688,5.5000,1.2812,18.0000,46.7500,9.8,39999.5
worC0Z-221M-13p1B-100k-bs64-lr3000-zloss-g1e-04-s1,3.478,3.478,32.380,,,-,-,-,-,-,0.000,1917.500,534.590,0.931,59.750,0.112,-0.0019,-19.0012,53.0,-,0.000,1455.768,1133.168,586.139,1070.739,0.945,1455213.000,1146482.750,524587.562,0.984,0.944,0.803,0.427,678.248,384.347,189.667,0.004,0.000,308730.250,-0.122,-621895.375,0.549,-0.004,-0.882,1.000,-0.0259,-14.8185,22.4,-0.5,-0.637,-0.605,-0.655,-0.623,49.96,241645.20,0.02%,-19.1250,4.9062,5.2500,2.8750,19.1250,67.5000,9.8,40212.6
